"Ozone,μg/m3","Sulphur Dioxide,μg/m3","PM2.5,μg/m3","PM10,μg/m3","Ammonia,μg/m3","Carbon Monoxide,mg/m3","NOx,μg/m3",AQI_calculated,Category
26.791304347826088,82.43086956521739,342.3017391304348,405.03782608695656,26.72043478260869,2.97,108.4291304347826,471.0,Severe
20.753333333333334,65.15833333333333,180.7541666666667,226.00125,21.993750000000002,2.31,89.8625,347.0,Very Poor
43.925000000000004,41.485,115.90166666666666,143.95250000000001,20.28,1.59,61.155833333333334,286.0,Poor
50.3725,41.51541666666667,197.88916666666668,234.86125,23.145,2.46,81.92625,360.0,Very Poor
34.69625,77.78541666666668,329.38166666666666,404.0495833333334,47.23374999999999,4.52,159.66916666666668,461.0,Severe
34.78333333333333,71.42666666666666,416.22499999999997,511.88625,40.52125,5.58,184.62958333333333,528.0,Severe
41.01,73.02583333333334,526.0591666666667,624.7825,35.15958333333334,5.89,183.72833333333332,643.0,Severe
56.57541666666666,50.2475,322.97833333333335,368.53416666666664,22.32875,3.06,91.90666666666667,456.0,Severe
27.1525,112.22625,642.61125,757.0179166666667,46.89666666666667,6.68,213.28208333333333,809.0,Severe
71.09333333333333,83.20958333333333,537.8774999999999,601.24375,26.835416666666664,4.39,142.52583333333334,621.0,Severe
76.62041666666667,50.665,358.0779166666666,392.4216666666667,16.786666666666665,2.27,71.85625,483.0,Severe
46.68,58.373333333333335,447.5420833333333,501.84999999999997,19.2875,3.16,101.82416666666666,552.0,Severe
35.44541666666667,60.66708333333333,509.4604166666666,590.4470833333334,27.735833333333332,4.75,147.97625,601.0,Severe
29.20958333333333,146.33916666666667,766.2054166666667,903.9929166666667,76.155,8.66,280.03208333333333,992.0,Severe
31.59166666666667,124.15625,673.64125,811.5429166666667,59.19833333333333,7.89,261.91875000000005,877.0,Severe
13.356666666666667,84.37208333333334,368.01666666666665,471.9058333333333,40.6325,5.3,184.15625,491.0,Severe
9.288333333333334,88.89041666666667,277.78249999999997,336.34791666666666,31.6375,3.81,157.22458333333333,421.0,Severe
10.455416666666666,89.84416666666668,322.25,398.96166666666664,41.76916666666667,4.42,161.99958333333333,456.0,Severe
48.030833333333334,34.66041666666667,124.09708333333333,147.04541666666668,16.579583333333332,1.48,48.888749999999995,303.0,Very Poor
30.214166666666667,61.71083333333333,300.51375,383.7054166666667,30.57375,4.34,145.72958333333332,439.0,Severe
33.020833333333336,64.07541666666667,255.07333333333335,316.36041666666665,26.55666666666667,3.35,119.64708333333334,404.0,Severe
48.665,46.223749999999995,145.77291666666667,177.9425,20.417083333333334,1.8,65.27958333333333,320.0,Very Poor
67.02624999999999,40.12291666666667,117.86958333333332,140.41958333333335,19.533333333333335,1.42,49.11,293.0,Poor
48.39291666666667,42.25958333333333,124.53291666666667,149.93916666666667,25.400833333333335,1.61,60.680416666666666,303.0,Very Poor
60.126666666666665,34.26291666666666,125.01875,146.34416666666667,19.765833333333333,1.4,46.80833333333334,304.0,Very Poor
54.08583333333333,33.35875,158.91416666666666,183.1833333333333,18.64625,1.64,52.827083333333334,330.0,Very Poor
22.609583333333333,83.33749999999999,457.58708333333334,552.8933333333333,43.76666666666667,5.5,187.88125000000002,560.0,Severe
25.541666666666668,88.27541666666667,684.9125,804.1620833333333,45.449999999999996,8.12,259.43208333333337,868.0,Severe
26.729583333333334,91.65249999999999,704.0933333333332,831.8129166666668,40.72708333333333,7.6,244.67916666666667,902.0,Severe
32.187916666666666,59.09916666666667,390.00083333333333,467.19458333333336,25.705,4.37,139.60791666666665,508.0,Severe
31.322916666666668,50.32666666666666,336.68625000000003,399.14375,22.665000000000003,3.75,117.32375,467.0,Severe
27.622083333333332,53.177083333333336,441.10999999999996,513.0908333333333,28.987083333333334,5.13,155.98375,547.0,Severe
46.8975,42.120416666666664,333.5158333333333,377.25541666666663,17.5075,3.14,96.19041666666666,464.0,Severe
26.182083333333335,61.53125,263.7316666666666,318.37,27.087083333333336,2.87,103.35208333333333,411.0,Severe
44.80416666666667,40.95791666666667,145.54791666666668,182.26208333333332,17.298333333333336,1.74,62.525000000000006,320.0,Very Poor
32.04291666666666,47.742916666666666,251.08124999999998,305.93541666666664,18.107916666666664,2.95,99.19791666666667,401.0,Severe
28.010833333333334,74.80416666666666,423.2920833333333,506.58458333333334,38.50791666666667,5.23,187.37458333333333,533.0,Severe
11.186250000000001,160.06958333333333,568.4491666666667,658.2983333333333,47.01958333333334,6.56,271.2366666666667,685.0,Severe
33.81458333333333,43.98916666666667,297.72583333333336,324.19125,11.542083333333332,2.04,69.27958333333333,437.0,Severe
48.221666666666664,29.632499999999997,106.12416666666667,117.12291666666665,6.295416666666667,0.96,36.03541666666667,254.0,Poor
9.065,53.25666666666667,177.60666666666665,220.55166666666665,14.229166666666666,3.09,111.25416666666666,344.0,Very Poor
13.460833333333333,56.24875,145.68833333333333,167.63583333333335,11.222916666666668,1.83,70.05125000000001,320.0,Very Poor
8.850416666666666,106.235,420.4379166666667,501.5308333333333,54.54291666666666,5.45,203.37875,531.0,Severe
8.645,52.75,263.3875,318.005,16.70375,3.49,122.25,410.0,Severe
14.104999999999999,78.48041666666667,361.8745833333333,430.6075,20.208333333333332,4.22,146.6220833333333,486.0,Severe
53.85333333333333,33.904583333333335,132.14624999999998,151.32208333333332,10.848333333333334,1.28,40.0625,309.0,Very Poor
71.58541666666666,32.0475,143.08833333333334,161.43291666666667,10.352500000000001,1.35,37.84916666666666,318.0,Very Poor
62.31041666666667,35.23625,130.445,152.07833333333335,9.824166666666667,1.4,44.555416666666666,308.0,Very Poor
49.245416666666664,37.94041666666667,176.6783333333333,205.63166666666666,12.78,1.77,59.71000000000001,344.0,Very Poor
35.961666666666666,46.41291666666667,343.9058333333333,404.13166666666666,16.410833333333333,3.76,116.44166666666666,472.0,Severe
14.145416666666668,140.7475,785.7466666666666,920.6408333333334,53.254999999999995,8.68,299.3145833333333,1013.0,Severe
23.707083333333333,167.33083333333335,970.7925,1122.2754166666666,56.057916666666664,9.33,335.84749999999997,1265.0,Severe
18.355416666666667,49.23416666666666,508.4166666666667,568.2575,15.425833333333335,4.64,144.01375000000002,599.0,Severe
77.94375000000001,52.401250000000005,322.66,342.9975,6.607500000000001,1.75,54.642916666666665,456.0,Severe
12.829166666666666,74.64625,441.0370833333333,517.68875,17.674166666666668,4.08,133.36041666666665,547.0,Severe
36.408750000000005,43.58083333333334,342.14416666666665,377.79833333333335,11.310416666666667,2.78,85.22458333333333,471.0,Severe
86.65041666666667,38.028749999999995,270.44458333333336,288.50166666666667,6.420416666666667,1.43,36.81916666666667,416.0,Severe
46.321666666666665,36.5075,287.61375,330.14958333333334,13.758333333333333,2.6,80.40875,429.0,Severe
73.35958333333333,62.893750000000004,417.54625000000004,468.07625,12.935416666666667,3.59,112.62666666666667,529.0,Severe
64.31583333333333,35.524166666666666,343.07708333333335,370.3954166666667,9.368333333333334,1.74,48.16416666666667,472.0,Severe
33.91416666666667,36.71625,330.50208333333336,374.23541666666665,12.6175,2.52,66.83583333333333,462.0,Severe
24.536666666666665,55.43291666666667,310.10125,379.4725,20.393333333333334,3.9,126.49416666666667,446.0,Severe
33.23291666666667,47.486250000000005,243.71124999999998,296.39708333333334,16.14375,2.84,92.3375,395.0,Very Poor
22.35,23.6,188.91,216.15,5.64,1.59,42.339999999999996,353.0,Very Poor
36.74173913043478,65.63782608695652,482.79956521739126,573.4834782608696,24.071304347826086,5.2,166.43130434782609,579.0,Severe
57.94,44.217083333333335,222.10833333333332,257.82416666666666,14.68,2.05,66.85041666666666,379.0,Very Poor
49.94375,32.455,171.56166666666664,200.04458333333332,13.95875,1.72,55.80416666666666,340.0,Very Poor
26.936666666666667,72.50916666666667,454.82458333333335,542.1908333333333,39.48916666666667,5.34,175.93124999999998,558.0,Severe
30.71875,106.7725,837.0829166666667,978.6574999999999,43.07041666666667,8.51,266.62375,1086.0,Severe
34.54833333333333,100.77166666666666,626.2725,743.3516666666666,34.05958333333333,6.65,223.61,792.0,Severe
59.236250000000005,57.99458333333333,340.43916666666667,381.02833333333336,14.3125,2.06,69.4375,470.0,Severe
26.393333333333334,101.52749999999999,334.2133333333333,389.11999999999995,32.13791666666667,3.52,119.82708333333333,465.0,Severe
24.1725,62.793749999999996,230.4025,274.9995833333333,15.719583333333333,2.69,98.02208333333333,385.0,Very Poor
61.27166666666667,31.98708333333333,120.12291666666665,144.10791666666668,12.301666666666668,1.36,43.31125,300.0,Poor
55.01916666666667,37.3325,238.39625,284.08208333333334,14.664583333333333,2.61,74.37791666666666,391.0,Very Poor
38.335,58.423750000000005,377.37875,460.3675,23.131666666666664,4.44,137.47375,498.0,Severe
32.899166666666666,92.82416666666667,517.9583333333334,624.7425,46.77,6.05,203.35833333333332,643.0,Severe
37.845416666666665,101.72625,665.7900000000001,794.6308333333333,26.631666666666664,6.23,195.59708333333336,856.0,Severe
45.24541666666667,81.2625,650.5195833333333,773.275,31.241249999999997,6.56,199.07875,829.0,Severe
43.24041666666667,71.78416666666666,593.6504166666667,695.1395833333332,23.216666666666665,5.33,162.94833333333332,731.0,Severe
66.76041666666667,75.16166666666668,771.6004166666667,859.3170833333334,25.234583333333333,6.62,177.1195833333333,937.0,Severe
54.849583333333335,90.67958333333333,847.1691666666667,960.88875,25.2675,7.24,204.08083333333335,1064.0,Severe
47.501666666666665,93.67875,824.1725,945.8504166666667,28.704166666666666,7.09,210.70458333333335,1045.0,Severe
45.73250000000001,155.23083333333332,647.7925,778.2883333333334,60.60125,6.53,210.58291666666668,835.0,Severe
54.14083333333334,71.88375,525.9404166666667,621.0666666666667,25.84958333333333,4.9,141.03791666666666,639.0,Severe
57.10791666666666,95.5575,607.86875,708.6604166666666,26.241249999999997,5.53,170.41375,748.0,Severe
53.856249999999996,70.78041666666667,477.22166666666664,568.0979166666667,26.129166666666666,4.96,150.3525,575.0,Severe
66.07291666666667,46.31375,400.28875,455.0804166666667,20.733333333333334,3.17,85.21583333333334,516.0,Severe
62.15208333333334,41.057916666666664,350.35875000000004,395.52416666666664,16.888749999999998,2.43,64.61708333333334,477.0,Severe
46.06791666666667,51.975833333333334,302.8483333333333,366.84791666666666,25.659166666666668,3.07,94.76499999999999,441.0,Severe
35.04833333333333,137.60708333333335,631.0541666666667,756.1779166666666,81.98708333333333,8.19,274.4375,808.0,Severe
45.53333333333333,80.78458333333333,601.4766666666667,718.66375,46.02666666666667,7.43,232.54291666666666,761.0,Severe
52.25416666666666,59.55583333333333,253.72124999999997,313.22291666666666,31.813333333333333,3.06,101.75791666666666,403.0,Severe
41.205,81.37166666666667,319.39625,395.7316666666666,45.86208333333334,4.43,159.76958333333334,453.0,Severe
31.779583333333335,64.68124999999999,286.47291666666666,400.12208333333336,36.7575,4.28,136.97625,428.0,Severe
41.90125,90.81833333333333,391.53416666666664,504.35875000000004,47.57916666666667,5.07,162.39416666666665,509.0,Severe
73.16708333333334,47.60541666666666,117.89375,154.75916666666666,25.383333333333336,1.63,54.099583333333335,293.0,Poor
104.48625,38.26708333333333,100.5575,121.96083333333333,22.314166666666665,1.18,34.39666666666667,235.0,Poor
65.58791666666666,74.92416666666666,388.70166666666665,478.4429166666667,41.735416666666666,5.31,151.24541666666667,507.0,Severe
109.10374999999999,125.62708333333335,656.4108333333334,788.0783333333334,47.55125,7.43,215.81291666666667,848.0,Severe
96.34875,35.50541666666667,118.60833333333333,154.755,20.25,1.34,40.56041666666667,295.0,Poor
68.26166666666667,48.41833333333333,192.58583333333334,245.99291666666667,29.844583333333333,2.5,74.13666666666667,356.0,Very Poor
107.95875000000001,44.47666666666667,155.35541666666666,204.87666666666667,25.162916666666664,1.66,49.17708333333333,327.0,Very Poor
107.4975,56.2075,177.28583333333333,215.17708333333334,21.919583333333335,1.35,42.71083333333334,344.0,Very Poor
53.84041666666667,89.50625000000001,409.54875,533.8708333333333,35.935,5.11,162.22208333333333,530.0,Severe
74.82291666666667,86.34791666666666,346.39166666666665,458.3625,26.517916666666665,3.8,106.89833333333334,474.0,Severe
60.875,125.42791666666666,310.6354166666667,409.4629166666667,33.30041666666667,3.76,132.91375,447.0,Severe
55.035833333333336,51.97541666666667,126.04791666666667,163.01833333333335,18.115416666666665,1.6,61.56666666666667,305.0,Very Poor
59.94416666666667,60.001666666666665,172.99249999999998,214.23749999999998,21.179166666666667,2.26,77.60374999999999,341.0,Very Poor
71.95125,38.902499999999996,118.88875,157.87083333333334,22.496666666666666,1.62,49.15708333333333,296.0,Poor
67.485,45.280833333333334,125.68875000000001,179.58333333333334,27.28,1.66,52.78541666666666,304.0,Very Poor
57.39124999999999,49.740833333333335,139.69916666666668,227.67875,29.227083333333336,1.99,64.16708333333334,315.0,Very Poor
49.82083333333333,57.81708333333333,187.30958333333334,303.9475,33.444583333333334,2.58,84.05625,352.0,Very Poor
52.59125,71.00958333333334,238.21708333333333,335.1433333333333,37.46541666666666,3.67,133.97958333333332,391.0,Very Poor
39.06791666666667,50.96291666666667,135.49666666666667,193.1029166666667,25.851666666666663,2.12,81.96708333333333,312.0,Very Poor
52.12708333333333,47.29125,150.1525,211.50125,27.455833333333334,2.52,75.9525,323.0,Very Poor
87.68041666666666,43.29333333333333,112.73791666666666,161.645,23.8925,1.52,49.22208333333333,276.0,Poor
48.10375,69.61791666666666,131.26333333333332,183.02374999999998,27.60291666666667,1.92,72.30166666666666,309.0,Very Poor
43.11708333333333,64.89166666666667,179.50208333333333,236.15666666666667,27.264583333333334,2.7,96.88333333333333,346.0,Very Poor
90.18666666666667,61.78041666666667,166.14000000000001,219.14416666666668,24.680833333333336,2.12,70.59458333333333,335.0,Very Poor
88.05208333333333,35.58416666666667,63.96041666666667,89.89041666666667,20.25166666666667,1.02,34.10583333333334,113.0,Moderate
67.44833333333334,42.96625,128.07250000000002,178.31500000000003,26.572083333333335,1.95,61.24125,306.0,Very Poor
77.90916666666666,61.52166666666667,248.96666666666667,327.98083333333335,31.8925,3.46,101.47833333333332,399.0,Very Poor
136.91,83.05916666666667,305.94041666666664,392.6308333333333,29.48125,3.1,89.68833333333333,443.0,Severe
87.01166666666667,67.28375,211.51041666666666,296.4916666666667,34.33625,2.65,85.82625,370.0,Very Poor
124.10833333333333,32.489583333333336,137.74833333333333,219.54291666666666,23.53833333333333,1.2,31.712500000000002,314.0,Very Poor
133.60333333333332,29.03375,42.98708333333334,58.44083333333333,17.585833333333333,0.68,20.993333333333332,149.0,Moderate
102.96750000000002,35.753750000000004,40.83416666666667,57.32875000000001,20.1825,0.86,29.12083333333333,104.0,Moderate
71.13083333333334,65.02875,101.49624999999999,143.91541666666666,29.7825,1.94,68.7325,238.0,Poor
86.06708333333334,65.91291666666667,132.11041666666668,182.18541666666667,28.4575,2.28,72.73125,309.0,Very Poor
80.59458333333333,68.9825,159.07333333333335,215.7075,31.412499999999998,2.76,86.42625,330.0,Very Poor
123.51916666666666,71.10916666666667,100.78958333333333,135.31541666666666,24.48875,1.38,50.87916666666667,236.0,Poor
175.29875,86.46708333333333,155.63,203.4525,23.417916666666667,1.23,45.47625000000001,327.0,Very Poor
127.7325,61.195,129.3025,183.2458333333333,25.576666666666668,1.43,44.29333333333333,307.0,Very Poor
101.01708333333333,55.671666666666674,106.54458333333334,144.91875000000002,27.592916666666667,1.53,49.56583333333334,255.0,Poor
92.16791666666667,60.15125,97.34333333333335,137.61958333333334,27.625833333333333,1.74,60.94166666666666,224.0,Poor
109.68833333333333,39.80041666666667,57.30375,83.26875,20.074166666666667,1.01,33.562916666666666,114.0,Moderate
89.55083333333333,52.04958333333334,95.26041666666667,148.31041666666667,25.310833333333335,1.57,51.997083333333336,218.0,Poor
94.18583333333333,79.22500000000001,141.12208333333334,210.0275,30.761666666666667,2.07,68.67875,316.0,Very Poor
106.60291666666666,51.7575,101.40916666666668,150.29749999999999,24.749583333333334,1.42,47.66916666666666,238.0,Poor
91.8125,53.395833333333336,89.07208333333334,135.3841666666667,24.446250000000003,1.42,48.75666666666666,197.0,Moderate
69.04125,83.93416666666667,181.74375,261.26708333333335,37.479166666666664,3.07,100.66083333333333,347.0,Very Poor
87.71708333333333,72.92708333333333,131.51874999999998,183.3345833333333,25.81,2.01,73.13041666666666,309.0,Very Poor
73.6225,49.38291666666667,133.73916666666665,184.405,26.449583333333333,2.1,61.41916666666666,311.0,Very Poor
96.63958333333333,68.69541666666667,136.64458333333332,183.33249999999998,25.372083333333336,2.05,65.61625,313.0,Very Poor
95.19458333333334,55.85,95.76333333333334,139.90541666666667,26.109166666666667,1.7,55.653749999999995,219.0,Poor
77.80916666666667,58.56166666666667,83.71416666666667,118.65541666666667,23.224999999999998,1.53,54.48791666666667,179.0,Moderate
75.85916666666667,56.0,130.31625,179.9020833333333,26.333333333333332,1.99,66.00833333333334,308.0,Very Poor
155.68666666666667,75.7775,93.68624999999999,116.73416666666667,16.61916666666667,1.09,41.79416666666667,212.0,Poor
92.21291666666667,55.32208333333333,51.26833333333334,83.28583333333333,19.90875,0.96,39.73375,92.0,Satisfactory
135.27291666666667,36.28916666666667,45.90833333333333,63.22833333333333,16.722916666666666,0.82,24.559583333333332,152.0,Moderate
109.41208333333333,43.29333333333333,90.15916666666668,122.34458333333333,24.06125,1.55,44.82291666666667,201.0,Poor
96.55291666666666,103.20583333333333,253.4416666666667,344.3241666666667,46.20041666666666,4.15,129.49791666666667,403.0,Severe
96.50666666666666,107.16000000000001,234.08583333333334,329.99833333333333,42.78541666666666,3.73,116.22874999999999,388.0,Very Poor
88.46125,85.99041666666666,165.56916666666666,238.88875,36.45291666666667,2.74,93.3075,335.0,Very Poor
112.83,73.22458333333333,158.47708333333333,215.1525,30.172916666666666,2.19,71.1925,330.0,Very Poor
92.85833333333333,96.83749999999999,186.53416666666666,242.01166666666666,31.238333333333333,2.35,87.30833333333334,351.0,Very Poor
85.455,60.48916666666667,151.70458333333332,195.50541666666666,25.9025,1.81,59.10458333333334,324.0,Very Poor
74.16291666666667,57.67666666666667,127.86833333333334,165.43541666666667,25.455,1.68,59.67333333333333,306.0,Very Poor
63.91791666666666,57.400000000000006,91.49000000000001,144.27416666666667,26.470416666666665,1.5,52.83958333333334,205.0,Poor
65.72916666666667,74.18291666666666,72.5575,110.78208333333333,19.243333333333332,0.98,50.40125,142.0,Moderate
129.64041666666665,63.260416666666664,122.42500000000001,153.54333333333332,23.39125,1.45,42.98708333333333,302.0,Very Poor
113.24041666666666,60.12083333333334,132.1575,160.90416666666667,19.384583333333335,1.58,50.42208333333333,309.0,Very Poor
95.13958333333333,126.32208333333334,274.96375,330.42291666666665,26.082083333333333,3.22,123.84875,419.0,Severe
136.085,63.83625,121.39999999999999,149.28166666666667,16.429583333333333,1.47,42.61958333333333,301.0,Very Poor
121.20208333333333,58.30291666666667,111.19125000000001,141.14583333333334,22.819166666666664,1.62,52.42958333333333,271.0,Poor
97.53916666666667,60.79666666666666,97.1925,124.96333333333332,22.83875,1.46,50.521249999999995,224.0,Poor
114.435,57.53,166.13166666666666,208.98416666666665,26.752916666666668,1.96,53.868333333333325,335.0,Very Poor
121.94041666666668,71.1875,205.0675,257.63166666666666,29.189999999999998,2.54,77.67416666666668,365.0,Very Poor
82.31916666666667,89.78416666666668,199.71791666666664,257.42375,30.924166666666665,3.05,104.59583333333335,361.0,Very Poor
97.93791666666668,79.43375,130.29,183.15125,23.453333333333333,1.8,62.78333333333333,308.0,Very Poor
78.74833333333333,112.89083333333333,268.77416666666664,372.82666666666665,42.63166666666667,3.99,131.86875,414.0,Severe
130.83208333333332,85.335,171.85708333333332,237.02125,29.116249999999997,2.27,66.65625,340.0,Very Poor
84.61083333333333,92.20833333333333,179.06166666666664,257.86875,30.54125,2.69,113.70625,345.0,Very Poor
47.955000000000005,48.538333333333334,77.9475,98.24833333333333,16.158333333333335,1.43,59.422916666666666,160.0,Moderate
39.12291666666666,55.07541666666666,70.07458333333334,79.71916666666667,5.43,1.11,44.94708333333334,134.0,Moderate
69.65666666666667,49.98833333333334,188.97625000000002,232.26375,15.018333333333333,2.74,82.95333333333333,353.0,Very Poor
77.77749999999999,84.67958333333333,183.51,231.80208333333334,15.52125,2.47,94.43,349.0,Very Poor
162.25833333333335,100.175,361.25,456.69083333333333,40.32625,3.9,134.45875,486.0,Severe
95.1175,33.62625,89.50708333333334,167.56333333333333,20.18166666666667,1.21,44.03916666666667,198.0,Moderate
105.64958333333334,39.56791666666667,91.69916666666667,127.28125,26.00916666666667,1.34,41.1025,206.0,Poor
88.44416666666666,55.29333333333333,118.06916666666666,169.36958333333334,28.420416666666668,2.19,68.29083333333332,294.0,Poor
137.19541666666666,107.52666666666666,372.0529166666667,488.3591666666667,58.759166666666665,5.73,190.60333333333332,494.0,Severe
260.29541666666665,139.74333333333334,524.2520833333333,609.7816666666666,44.522083333333335,5.19,145.08666666666667,625.0,Severe
145.31875,50.94291666666666,168.345,210.38708333333332,30.594583333333333,1.94,58.354166666666664,337.0,Very Poor
124.545,28.77,63.08375,87.74624999999999,15.274166666666666,0.73,20.23166666666667,136.0,Moderate
128.98458333333335,48.67666666666667,93.24916666666667,137.04,20.351666666666667,1.16,40.405,211.0,Poor
92.88416666666666,63.4,174.64874999999998,270.70375,24.019166666666667,2.48,88.73458333333333,342.0,Very Poor
98.43458333333335,94.35458333333334,330.77416666666664,444.20166666666665,27.859583333333333,4.24,143.94041666666666,462.0,Severe
153.96708333333333,101.96499999999999,509.0441666666666,622.3758333333334,36.42041666666667,5.68,148.46791666666667,640.0,Severe
193.09541666666667,174.34375,569.3391666666666,683.6791666666667,26.023750000000003,5.14,145.45583333333335,717.0,Severe
165.715,127.61458333333333,621.5295833333333,726.1991666666667,31.705416666666665,5.73,169.20083333333332,770.0,Severe
133.76375,73.71124999999999,323.05833333333334,384.21625,23.801666666666666,3.02,83.31333333333333,456.0,Severe
84.75583333333334,63.53041666666667,223.31833333333336,302.47166666666664,35.835,3.53,101.65583333333333,379.0,Very Poor
121.75166666666667,77.20791666666666,173.90083333333334,218.70125,29.502499999999998,2.44,74.37291666666667,341.0,Very Poor
58.75125,28.445833333333336,57.275416666666665,167.915,18.224999999999998,0.88,34.329166666666666,145.0,Moderate
59.647083333333335,50.276250000000005,118.66708333333334,275.86083333333335,26.813333333333333,2.14,77.48500000000001,296.0,Poor
133.48416666666665,66.97583333333334,74.79416666666667,122.95708333333333,14.978333333333333,0.92,36.198750000000004,149.0,Moderate
95.39708333333333,88.03666666666668,89.41416666666667,136.69916666666668,14.808333333333332,1.06,53.214999999999996,198.0,Moderate
154.55625,42.02125,71.20208333333333,82.74,7.635416666666667,0.94,22.067916666666665,180.0,Moderate
193.94000000000003,65.22833333333334,87.23166666666667,99.0075,11.564166666666667,0.98,31.039166666666667,265.0,Poor
158.81333333333333,90.08291666666668,103.14125,125.92041666666667,15.854166666666666,1.04,45.127916666666664,244.0,Poor
69.41708333333334,49.065416666666664,95.97166666666668,155.54083333333332,24.59375,1.83,67.61291666666666,220.0,Poor
78.58916666666667,108.14375000000001,125.40791666666667,164.93,12.115833333333333,1.47,78.63666666666667,304.0,Very Poor
159.67791666666668,94.79125,127.18083333333334,149.01791666666665,10.948749999999999,1.23,48.132083333333334,306.0,Very Poor
79.39833333333333,80.94208333333333,63.89833333333333,81.36999999999999,11.595,1.08,53.625416666666666,113.0,Moderate
73.88708333333334,62.2275,45.53125,56.209583333333335,7.138333333333333,0.81,36.21083333333333,78.0,Satisfactory
100.66083333333334,79.29541666666667,74.21333333333332,88.48041666666666,9.60375,0.98,46.13708333333334,147.0,Moderate
115.27208333333334,71.93333333333334,158.55208333333334,196.71958333333336,23.5725,2.13,73.15208333333334,330.0,Very Poor
85.31875000000001,63.18208333333333,180.28,257.6954166666667,31.560000000000002,2.64,78.84,346.0,Very Poor
166.94208333333333,88.305,227.00333333333333,326.31958333333336,31.8025,2.51,82.43208333333334,382.0,Very Poor
134.275,62.58541666666667,118.72583333333334,171.59,22.957916666666666,1.57,47.90083333333334,296.0,Poor
119.59666666666668,54.28,122.87291666666665,231.4825,20.657916666666665,1.26,44.6225,302.0,Very Poor
157.78125,55.393750000000004,125.01625,239.52791666666667,17.701249999999998,0.93,32.072916666666664,304.0,Very Poor
188.0533333333333,53.1875,129.62416666666667,179.00166666666667,16.640833333333333,1.09,28.356250000000003,307.0,Very Poor
188.1575,65.44583333333334,151.93791666666667,200.26166666666666,23.82375,1.48,41.959583333333335,325.0,Very Poor
115.8575,36.647083333333335,96.4975,189.74125,19.008333333333333,0.95,28.680833333333336,222.0,Poor
66.83208333333333,19.52541666666667,54.40083333333334,183.49958333333333,12.448333333333332,0.57,21.066666666666666,156.0,Moderate
71.85458333333334,18.442916666666665,50.59833333333333,184.75,10.861666666666666,0.5,20.612916666666667,156.0,Moderate
76.08583333333333,22.829166666666666,69.97916666666667,293.98041666666666,10.967083333333333,0.53,23.016666666666666,244.0,Poor
73.16583333333334,25.123333333333335,72.61874999999999,275.64708333333334,13.002083333333333,0.59,23.822916666666668,226.0,Poor
58.69166666666666,44.61416666666667,107.08958333333334,256.58375,22.588333333333335,1.43,55.04833333333333,257.0,Poor
84.17208333333333,63.787083333333335,129.68875,276.37416666666667,23.39125,1.31,52.1575,307.0,Very Poor
74.48375,39.965833333333336,84.37875,227.95833333333334,19.22625,0.91,34.957499999999996,185.0,Moderate
67.39916666666666,29.9025,50.34583333333333,141.495,14.717500000000001,0.68,27.812083333333334,128.0,Moderate
72.39291666666666,41.822916666666664,56.96958333333333,161.45208333333332,13.33625,0.69,29.560833333333335,141.0,Moderate
125.53083333333332,76.73166666666667,76.245,100.30416666666667,10.844166666666666,0.91,39.23458333333333,154.0,Moderate
138.11958333333334,53.88291666666667,51.18541666666667,57.844166666666666,8.6425,0.69,26.076666666666668,156.0,Moderate
48.43,45.6775,25.315833333333334,29.945833333333336,6.002083333333334,0.69,29.874166666666667,57.0,Satisfactory
50.009166666666665,50.803333333333335,29.044166666666666,35.6825,6.9070833333333335,0.65,34.04041666666667,64.0,Satisfactory
42.57416666666666,79.77208333333333,46.2925,57.54083333333333,10.115416666666667,0.88,53.16791666666666,100.0,Satisfactory
17.56,86.34750000000001,66.87166666666667,82.55499999999999,9.931666666666667,1.23,64.31791666666666,123.0,Moderate
61.809583333333336,77.3875,62.52041666666667,75.80125,11.742916666666666,1.03,52.60291666666667,108.0,Moderate
72.29,74.76375,117.71749999999999,141.14416666666668,14.123333333333333,1.48,63.16708333333333,292.0,Poor
91.02708333333334,45.74666666666667,125.66916666666667,157.48458333333335,20.460833333333333,1.91,65.0925,304.0,Very Poor
14.325416666666667,45.75625,54.718333333333334,71.84125,10.270416666666668,1.32,55.06875,91.0,Satisfactory
2.0516666666666667,68.07833333333333,69.65708333333333,85.90666666666668,9.125416666666666,1.55,74.81833333333333,132.0,Moderate
6.003333333333333,140.55916666666667,300.60333333333335,353.9675,37.665416666666665,4.65,197.71541666666667,439.0,Severe
30.735416666666666,80.48583333333333,117.97666666666667,151.6675,10.65,1.6,75.88041666666668,293.0,Poor
11.959999999999999,79.85166666666667,87.09833333333334,101.68416666666667,7.887083333333333,1.53,63.8225,190.0,Moderate
65.03666666666668,62.744166666666665,148.23041666666666,173.65333333333334,9.360416666666667,2.11,66.42583333333333,322.0,Very Poor
114.39833333333333,58.18541666666667,147.28583333333333,168.96916666666667,7.760416666666667,1.49,47.235416666666666,321.0,Very Poor
95.04208333333334,56.435833333333335,107.41666666666667,132.41708333333332,11.970416666666667,1.48,51.67000000000001,258.0,Poor
12.1825,100.195,172.84166666666667,205.26916666666668,12.655416666666667,2.55,106.73875,341.0,Very Poor
18.03625,47.50625,96.9825,117.18708333333335,9.740833333333333,1.75,66.09333333333333,223.0,Poor
2.9725,81.79833333333333,137.67958333333334,166.71375,13.965416666666668,2.39,106.69625,314.0,Very Poor
5.0562499999999995,62.30708333333333,148.11166666666665,193.665,14.982916666666668,2.69,97.38708333333332,322.0,Very Poor
16.949583333333333,100.53291666666667,144.25583333333333,168.10916666666665,8.87625,2.04,91.33666666666667,319.0,Very Poor
63.245000000000005,56.068333333333335,99.17166666666667,113.54875,7.670833333333333,1.21,47.09166666666667,231.0,Poor
27.772916666666664,43.662083333333335,163.47,205.90833333333333,11.214583333333332,2.74,78.48208333333332,333.0,Very Poor
6.906666666666666,121.8125,138.71458333333334,161.28666666666666,10.632083333333332,1.99,95.20500000000001,314.0,Very Poor
56.51458333333333,62.58541666666667,68.97958333333334,81.87458333333333,7.7475,1.0,41.63333333333333,130.0,Moderate
36.07875,67.77083333333333,70.39291666666666,89.80541666666666,10.196250000000001,1.0,49.489583333333336,135.0,Moderate
58.54083333333333,104.00083333333333,186.15333333333334,232.51125000000002,15.484583333333333,2.45,95.00708333333333,351.0,Very Poor
52.779583333333335,107.42750000000001,286.32874999999996,350.99,16.485,4.09,154.17166666666665,428.0,Severe
48.01458333333333,105.64958333333334,184.54375000000002,212.68166666666664,8.540416666666667,2.19,90.35083333333334,350.0,Very Poor
3.1925000000000003,122.13875,187.16875000000002,215.73541666666665,8.97,2.59,122.22291666666668,352.0,Very Poor
0.32625,118.31666666666666,253.45000000000002,300.8383333333333,17.826666666666664,3.68,166.46916666666667,403.0,Severe
41.73375,33.99458333333333,86.68291666666666,185.8375,17.555833333333332,1.39,51.708333333333336,189.0,Moderate
54.49666666666667,25.32166666666667,41.08416666666667,99.94041666666668,15.859583333333333,0.83,33.35541666666667,100.0,Satisfactory
46.00375,29.197083333333335,48.73791666666667,119.16166666666668,18.16125,0.98,41.48916666666667,113.0,Moderate
49.505833333333335,29.927083333333332,54.26333333333333,123.54583333333333,19.105416666666667,1.13,46.16041666666666,116.0,Moderate
56.07208333333333,19.1675,35.004583333333336,87.28333333333335,13.316666666666668,0.67,25.837083333333332,87.0,Satisfactory
44.93375,34.40625,100.7725,203.73708333333332,22.701666666666668,1.93,64.67583333333334,236.0,Poor
50.86333333333334,62.2775,253.31208333333333,405.40000000000003,32.79083333333333,4.17,129.21875,403.0,Severe
60.27875,87.73833333333333,335.6095833333333,503.52458333333334,31.616249999999997,4.41,141.23208333333332,492.0,Severe
106.98958333333333,73.85083333333334,362.10875000000004,500.26875,25.38291666666667,3.92,109.42708333333334,488.0,Severe
17.895,96.73916666666668,205.22166666666666,252.75250000000003,13.964999999999998,2.3,98.32624999999999,366.0,Very Poor
3.9737500000000003,70.31333333333333,45.16166666666667,54.36625,5.962916666666666,1.04,54.262499999999996,88.0,Satisfactory
10.169583333333334,46.3425,40.61166666666667,47.50875,4.99875,1.06,42.03375,68.0,Satisfactory
5.361250000000001,46.98833333333334,64.25166666666667,81.0925,7.240416666666666,1.48,55.344166666666666,114.0,Moderate
18.041666666666668,54.13125,149.69125,196.39958333333334,16.026666666666667,2.93,101.68875000000001,323.0,Very Poor
4.5625,57.65833333333333,164.67249999999999,216.73791666666668,15.350416666666668,3.49,117.44083333333333,334.0,Very Poor
45.979166666666664,26.334999999999997,59.1875,154.84416666666667,16.954583333333332,1.02,38.94916666666666,137.0,Moderate
47.117916666666666,33.77583333333333,98.8125,253.14208333333332,21.444999999999997,1.77,66.38416666666666,229.0,Poor
33.04666666666667,33.537083333333335,70.15541666666667,200.42375,19.701666666666664,1.24,50.41416666666667,167.0,Moderate
63.33541666666667,51.88708333333333,99.62583333333333,161.38625,12.927916666666667,1.16,46.756249999999994,232.0,Poor
66.8625,72.03291666666667,127.50875,144.3475,7.676666666666667,1.14,54.23416666666667,306.0,Very Poor
23.545833333333334,76.71124999999999,64.64125,81.67583333333333,8.629583333333333,1.14,59.835416666666674,115.0,Moderate
11.270833333333334,72.7975,55.5425,67.71124999999999,7.621666666666666,1.06,60.43208333333333,93.0,Satisfactory
8.330833333333333,86.95375,99.42583333333333,128.14458333333332,10.697916666666666,1.83,82.91291666666666,231.0,Poor
7.690416666666667,106.45375,133.75083333333333,158.0225,9.9675,1.97,100.0475,311.0,Very Poor
5.2275,68.68375,108.2375,130.53625,11.996250000000002,2.02,86.57666666666667,261.0,Poor
4.239166666666667,51.09166666666667,139.75041666666667,178.6016666666667,14.740416666666667,2.65,93.28416666666666,315.0,Very Poor
68.93458333333334,60.34041666666667,220.87166666666667,266.81374999999997,17.84625,3.2,96.54166666666666,378.0,Very Poor
15.325000000000001,94.75208333333335,222.31125,280.16541666666666,18.649166666666666,3.63,141.96708333333333,379.0,Very Poor
4.463333333333334,83.1875,69.64625,82.435,7.4312499999999995,1.3,59.05291666666667,132.0,Moderate
47.85875000000001,59.12833333333333,41.89083333333333,50.20083333333333,6.72375,0.74,40.11,74.0,Satisfactory
21.665000000000003,70.55166666666666,61.552083333333336,74.14583333333333,8.120416666666666,1.1,57.35583333333334,105.0,Moderate
16.733333333333334,63.18125,44.303333333333335,52.06041666666667,5.289583333333334,0.98,48.93083333333333,79.0,Satisfactory
11.788333333333334,41.07791666666667,48.7275,55.07583333333333,4.4437500000000005,0.94,37.95583333333333,81.0,Satisfactory
4.910833333333334,64.72083333333333,92.17125,112.81041666666665,8.12125,1.56,61.35125,207.0,Poor
31.073333333333334,113.86666666666667,156.74166666666667,190.33833333333334,11.341666666666667,1.98,88.97208333333333,328.0,Very Poor
22.760833333333334,64.96958333333333,204.89666666666668,270.3025,18.61916666666667,3.51,103.72749999999999,365.0,Very Poor
43.9675,66.32000000000001,155.40333333333334,202.15458333333333,15.2475,2.42,77.58666666666667,327.0,Very Poor
73.08416666666666,59.62416666666667,118.03333333333335,141.10958333333335,13.010416666666666,1.4,50.13,293.0,Poor
37.58541666666667,58.01625000000001,80.17416666666666,96.45041666666667,9.822083333333333,1.03,45.0275,167.0,Moderate
38.49208333333333,51.23041666666666,60.09166666666667,75.16375000000001,8.679166666666667,1.04,43.08583333333333,100.0,Satisfactory
47.78333333333333,47.29708333333334,111.9875,134.38708333333332,10.106666666666667,1.4,51.49875,273.0,Poor
50.802083333333336,54.08041666666667,117.80624999999999,144.73041666666666,13.204583333333332,1.64,62.49375,293.0,Poor
54.184583333333336,57.85666666666666,137.89124999999999,157.74125,10.912083333333333,1.5,56.15041666666667,314.0,Very Poor
24.532916666666665,64.25416666666666,88.39,103.34125,8.3775,1.64,61.01541666666667,195.0,Moderate
20.668333333333333,79.53291666666667,116.86625,142.17499999999998,9.669166666666667,1.61,72.73333333333333,290.0,Poor
26.18083333333333,84.80833333333334,109.46416666666666,141.65291666666667,12.28875,1.86,79.27416666666667,265.0,Poor
50.815416666666664,70.96958333333333,103.54625,125.11541666666666,8.224166666666667,1.37,54.86208333333333,245.0,Poor
43.812083333333334,63.469166666666666,77.54625,93.49208333333333,7.940833333333334,1.29,49.044583333333335,158.0,Moderate
36.598333333333336,99.59958333333333,192.51916666666668,249.86749999999998,18.14,3.11,115.26291666666665,356.0,Very Poor
49.33958333333334,66.95666666666666,85.16666666666667,106.96666666666665,10.865,1.32,54.99208333333333,184.0,Moderate
72.02166666666666,62.00958333333333,95.47208333333333,113.58875,10.017916666666666,1.2,49.51833333333334,218.0,Poor
54.41916666666666,93.93666666666667,245.75249999999997,294.4583333333333,15.413333333333334,3.21,120.18458333333334,397.0,Very Poor
69.60291666666667,73.90166666666666,299.65208333333334,357.14166666666665,19.49625,3.94,136.49208333333334,438.0,Severe
59.463750000000005,41.12625,121.45041666666667,151.05833333333334,14.685416666666667,1.9,58.5,301.0,Very Poor
37.95375,31.2175,66.31,102.03875,16.86916666666667,1.47,52.88916666666667,121.0,Moderate
29.99625,79.45416666666667,312.68125000000003,419.87583333333333,46.96,5.78,208.90041666666667,448.0,Severe
30.235,153.06625,557.045,665.1225000000001,37.175000000000004,6.46,243.29416666666665,694.0,Severe
65.1075,81.53875000000001,318.0154166666667,397.5116666666667,20.775000000000002,3.7,113.99208333333333,452.0,Severe
57.09625,60.49,239.69500000000002,312.28000000000003,24.017916666666665,3.34,105.87916666666666,392.0,Very Poor
53.67083333333334,56.178333333333335,268.4220833333333,355.15124999999995,27.913749999999997,4.2,136.92125,414.0,Severe
45.64791666666667,46.45166666666666,209.65291666666667,303.87791666666664,27.75125,3.37,109.24666666666667,369.0,Very Poor
41.38666666666666,82.17583333333333,361.9708333333333,491.68249999999995,57.69208333333333,5.95,202.70791666666668,486.0,Severe
43.413333333333334,80.29666666666667,320.3979166666667,412.4575,48.92916666666667,5.45,185.23874999999998,454.0,Severe
51.88375,72.39,247.92624999999998,348.52416666666664,42.20666666666667,4.14,140.11583333333334,398.0,Very Poor
74.38333333333334,51.518750000000004,182.06375,252.46916666666667,27.406666666666666,1.93,61.72708333333333,348.0,Very Poor
74.3425,46.58083333333334,146.06916666666666,196.54208333333335,27.2075,1.73,58.215833333333336,320.0,Very Poor
59.6875,57.89666666666667,202.75541666666666,268.55125000000004,32.29958333333333,2.83,93.08958333333334,364.0,Very Poor
88.60041666666666,116.14041666666667,383.28583333333336,467.48375000000004,40.9375,4.8,160.98624999999998,503.0,Severe
47.47833333333333,66.64,159.07708333333332,185.92291666666665,10.649166666666668,1.98,68.31041666666667,330.0,Very Poor
0.2704166666666667,61.413333333333334,96.46041666666667,126.06541666666668,10.850833333333334,1.74,65.64750000000001,222.0,Poor
48.33375,37.34291666666667,97.34541666666667,122.17916666666667,13.78,1.44,52.06041666666667,224.0,Poor
52.3825,44.932500000000005,144.89541666666668,188.36749999999998,24.794166666666666,2.21,80.08291666666668,319.0,Very Poor
70.9375,33.07041666666667,92.06625000000001,149.13208333333333,20.799166666666668,1.21,46.194583333333334,207.0,Poor
36.59583333333333,80.08791666666666,253.75833333333333,340.99625,63.05666666666667,4.78,191.35791666666668,403.0,Severe
41.31333333333333,34.839166666666664,97.945,132.36791666666667,19.205416666666668,1.61,59.54,226.0,Poor
25.41875,39.21125,136.80583333333334,174.84083333333334,15.700416666666667,1.93,66.86083333333333,313.0,Very Poor
43.901250000000005,72.33958333333334,245.80333333333337,306.99375000000003,23.499166666666667,3.12,104.82750000000001,397.0,Very Poor
35.49791666666667,48.92583333333334,174.45041666666668,232.73458333333335,24.633333333333336,2.64,89.3675,342.0,Very Poor
64.97875,48.16166666666667,163.3375,211.765,23.980833333333333,2.34,73.10833333333333,333.0,Very Poor
40.30416666666667,53.36541666666667,211.4425,276.90958333333333,30.14125,3.32,112.06416666666667,370.0,Very Poor
70.05958333333334,63.81791666666666,241.21124999999998,302.0420833333333,28.916666666666668,3.26,106.33708333333334,393.0,Very Poor
115.7,36.01083333333333,158.59833333333333,189.38541666666666,22.192916666666665,1.82,41.272083333333335,330.0,Very Poor
41.0,70.41250000000001,320.81375,419.4870833333334,44.151666666666664,4.81,162.945,454.0,Severe
53.54125,67.63041666666668,334.25666666666666,417.1425,37.08833333333333,4.38,149.595,465.0,Severe
65.00208333333333,52.64125000000001,323.00666666666666,382.31125,26.852500000000003,3.5,116.01666666666667,456.0,Severe
41.632083333333334,61.23374999999999,333.33416666666665,411.1058333333333,37.33833333333333,4.41,156.73708333333332,464.0,Severe
61.54791666666667,198.06708333333333,692.5104166666666,836.7570833333334,98.25083333333333,8.29,288.71791666666667,908.0,Severe
45.098333333333336,86.26791666666666,469.185,580.6658333333334,53.80916666666667,6.4,210.12416666666667,588.0,Severe
150.2275,35.861666666666665,226.11458333333334,261.3904166666667,28.351250000000004,2.67,46.49791666666667,382.0,Very Poor
62.78583333333333,47.555416666666666,251.81458333333333,317.2445833333333,31.5125,3.31,97.05708333333334,401.0,Severe
97.50541666666668,56.93125,325.1745833333334,388.84458333333333,36.85875,4.17,104.64249999999998,458.0,Severe
74.24125,77.17791666666666,399.17333333333335,492.50416666666666,42.325,5.03,141.32166666666666,515.0,Severe
67.45916666666666,81.69875,541.7916666666666,673.3545833333334,58.285,7.11,197.92125,704.0,Severe
82.5175,80.34583333333333,538.6583333333333,652.2575,41.24875,6.25,168.04625,678.0,Severe
55.07583333333333,66.85666666666667,411.3516666666667,506.16083333333336,40.015,5.18,152.45375,524.0,Severe
80.66583333333334,51.54833333333334,354.54583333333335,410.84625,27.86583333333333,3.51,81.08749999999999,480.0,Severe
52.77291666666667,74.35666666666667,357.02125,434.80958333333336,49.46083333333333,4.84,148.85500000000002,482.0,Severe
40.098333333333336,68.97208333333333,291.77208333333334,359.0566666666667,38.86333333333334,3.73,123.2525,432.0,Severe
42.70875,65.91250000000001,333.29791666666665,406.54541666666665,36.975,3.87,121.66208333333333,464.0,Severe
40.014583333333334,136.8725,829.6041666666666,968.38125,62.86041666666667,10.28,334.89,1073.0,Severe
19.945,245.45291666666665,1121.5408333333332,1297.0579166666666,89.16541666666666,12.0,445.375,1484.0,Severe
33.0075,94.325,497.98375000000004,608.5733333333334,52.85708333333333,6.6,220.89749999999998,623.0,Severe
40.915,61.81,328.735,397.2245833333333,33.4275,3.91,125.76374999999999,461.0,Severe
79.07291666666667,39.538333333333334,203.75125,234.07833333333335,23.922916666666666,1.99,54.79291666666667,364.0,Very Poor
94.69708333333334,41.564166666666665,151.92083333333332,176.2675,19.987083333333334,1.44,40.2875,325.0,Very Poor
42.03958333333333,64.06458333333333,359.78624999999994,440.1266666666667,38.31541666666667,4.42,141.32750000000001,484.0,Severe
31.1075,96.29083333333334,627.9516666666667,738.8554166666667,44.537083333333335,7.66,265.4758333333333,786.0,Severe
31.776666666666667,85.68124999999999,447.59708333333333,524.1004166666667,41.65083333333333,5.03,185.17083333333335,552.0,Severe
13.220416666666665,166.22666666666666,504.78833333333336,621.98875,59.40375,7.41,306.6533333333333,640.0,Severe
26.235833333333332,52.52125,318.98333333333335,378.825,21.44,3.93,137.82833333333332,453.0,Severe
28.048333333333336,132.14458333333334,587.7770833333333,697.8716666666666,63.29,6.24,229.44791666666666,735.0,Severe
50.412083333333335,55.46208333333333,317.39208333333335,374.5920833333333,26.150833333333335,3.14,99.72375,452.0,Severe
44.254999999999995,57.33958333333334,353.5754166666666,431.3354166666666,30.699166666666667,3.95,119.68291666666667,480.0,Severe
23.460416666666664,80.665,444.25083333333333,536.8879166666667,32.45666666666667,4.82,160.43875,549.0,Severe
22.6875,58.00625,333.42041666666665,382.27708333333334,15.711666666666666,3.17,96.88625,464.0,Severe
20.736666666666668,116.50708333333334,565.1954166666667,681.0637499999999,59.66,6.42,219.32291666666669,714.0,Severe
25.264166666666664,73.31291666666667,501.1454166666667,589.0566666666667,42.358333333333334,6.0,206.61374999999998,599.0,Severe
20.099583333333335,128.07083333333333,577.8575,655.4104166666667,48.68541666666667,6.98,252.70541666666668,682.0,Severe
16.723333333333333,62.39666666666667,237.56708333333333,293.56666666666666,18.055833333333332,2.72,97.3,390.0,Very Poor
31.059583333333332,40.86,139.27541666666667,172.58083333333332,20.144166666666667,1.88,65.08791666666667,315.0,Very Poor
28.034166666666664,53.03875,274.2129166666667,339.2729166666667,26.50708333333333,3.76,122.96541666666666,419.0,Severe
30.128333333333334,63.985833333333325,376.0125,456.6775,29.73125,5.01,162.28083333333333,497.0,Severe
34.91416666666667,45.44833333333333,242.11125,289.605,23.529583333333335,3.04,101.50083333333333,394.0,Very Poor
31.481666666666666,39.10958333333333,248.16208333333336,294.6458333333333,23.010416666666668,2.95,96.15125,399.0,Very Poor
26.329166666666666,152.68625,506.49625,591.97625,90.2475,6.23,255.60291666666666,602.0,Severe
16.955833333333334,168.54166666666666,705.4900000000001,824.1966666666667,89.36541666666666,8.23,317.31333333333333,893.0,Severe
13.71125,139.99166666666665,564.4454166666667,669.42,52.90958333333333,6.37,241.1075,699.0,Severe
27.562916666666666,65.8425,457.3925,544.45125,35.125,4.93,157.77291666666667,560.0,Severe
22.905,70.95875,332.09583333333336,393.20416666666665,21.09958333333333,3.28,110.75166666666667,463.0,Severe
61.08708333333333,39.17041666666667,136.15291666666667,159.66416666666666,18.809583333333332,1.48,49.73166666666667,312.0,Very Poor
90.92708333333333,30.6075,105.40333333333332,119.60875,12.650416666666667,1.08,28.277499999999996,251.0,Poor
83.59458333333333,38.1575,171.70208333333335,194.56916666666666,15.548333333333332,1.48,40.00125,340.0,Very Poor
28.739166666666666,77.74458333333334,438.7070833333333,525.8070833333333,40.99,5.28,177.2625,545.0,Severe
27.256249999999998,70.38208333333334,534.4745833333333,639.69375,30.177083333333332,6.15,197.71583333333334,662.0,Severe
24.631249999999998,86.2675,651.8479166666667,761.435,47.018750000000004,7.81,253.38333333333333,814.0,Severe
15.980416666666668,111.11375,728.2987499999999,850.7583333333333,38.4175,7.85,265.59291666666667,926.0,Severe
28.38,100.255,755.5891666666666,868.2179166666666,43.60708333333333,7.71,258.445,948.0,Severe
17.595833333333335,129.61958333333334,888.1541666666667,1006.0291666666667,39.767916666666665,9.23,317.65,1120.0,Severe
18.660416666666666,68.72375000000001,516.2958333333333,574.84375,13.84125,4.44,139.97583333333333,605.0,Severe
14.02625,134.96458333333334,412.9275,516.9983333333333,54.25,5.55,208.70166666666665,525.0,Severe
0.48,170.84666666666666,649.2775,770.8420833333333,57.690416666666664,7.94,309.60291666666666,826.0,Severe
18.615416666666665,74.87375,432.46458333333334,501.00916666666666,28.524583333333336,4.35,155.93,540.0,Severe
19.407500000000002,68.98375,355.8304166666667,442.7183333333333,33.259166666666665,5.02,171.495,481.0,Severe
26.7825,47.91291666666667,301.9529166666667,362.48,21.675416666666667,3.81,134.63083333333333,440.0,Severe
32.83416666666667,44.42583333333334,374.47541666666666,433.84041666666667,19.192083333333333,4.02,126.73708333333333,496.0,Severe
33.30125,43.29333333333333,391.4270833333333,449.1720833333333,18.458333333333332,3.78,112.86916666666667,509.0,Severe
26.1675,49.06458333333333,387.9691666666667,452.85791666666665,20.620416666666667,4.04,124.57416666666666,506.0,Severe
20.344166666666666,83.44708333333334,607.5337499999999,735.0883333333333,42.39958333333333,7.19,221.58708333333334,781.0,Severe
20.92125,78.14208333333333,478.6891666666667,524.36125,12.152083333333332,4.51,150.00416666666666,576.0,Severe
24.119583333333335,48.52791666666667,224.89333333333332,258.68625000000003,15.550416666666665,2.65,96.91041666666666,381.0,Very Poor
34.00083333333333,31.858333333333334,111.27291666666667,120.56791666666668,7.24125,1.2,38.274166666666666,271.0,Poor
21.640416666666667,37.33208333333334,79.9375,88.92583333333333,5.184166666666667,1.15,44.0575,166.0,Moderate
4.399166666666667,42.418749999999996,108.33625,132.42583333333332,9.51,1.74,58.73416666666667,261.0,Poor
18.40625,48.24,268.26166666666666,331.9533333333333,18.991666666666667,3.7,116.65583333333333,414.0,Severe
32.555416666666666,40.36208333333334,195.68416666666667,232.55291666666665,14.461666666666666,2.35,77.01291666666667,358.0,Very Poor
22.836250000000003,54.43,353.03208333333333,421.77708333333334,19.888749999999998,4.11,139.5475,479.0,Severe
17.537916666666668,157.57500000000002,561.3908333333333,672.8591666666667,96.19625,7.9,322.74125000000004,704.0,Severe
13.757916666666667,70.25458333333334,481.7341666666666,559.1416666666667,23.58875,5.62,197.965,578.0,Severe
27.412499999999998,40.89833333333333,318.65291666666667,363.65375,13.058750000000002,3.13,93.61375000000001,453.0,Severe
28.041666666666668,56.653333333333336,446.37583333333333,501.89208333333335,24.10291666666667,4.38,133.73583333333335,551.0,Severe
2.815,123.95833333333333,664.495,771.0454166666667,62.165,7.56,265.97041666666667,826.0,Severe
19.2525,45.16,347.06333333333333,388.845,13.291666666666666,3.07,96.22708333333334,475.0,Severe
15.229583333333332,76.13458333333334,553.3904166666667,633.4554166666667,25.984166666666667,5.84,187.36624999999998,654.0,Severe
4.805833333333333,118.87124999999999,749.66,849.5170833333333,49.05458333333333,9.43,322.875,924.0,Severe
30.358333333333334,78.40958333333333,579.1058333333334,629.5658333333333,19.345,6.61,230.17458333333332,653.0,Severe
70.735,29.444999999999997,122.50333333333333,126.91250000000001,3.9125,0.89,25.629583333333336,302.0,Very Poor
26.46,32.42,145.54,154.04,4.88,1.24,34.02,320.0,Very Poor
14.866521739130436,44.63608695652174,208.12478260869565,264.75347826086954,17.157826086956522,3.28,107.12869565217392,368.0,Very Poor
20.9525,38.0475,172.94958333333332,209.28666666666666,13.67375,2.36,76.14791666666666,341.0,Very Poor
33.33583333333333,40.420833333333334,193.11041666666665,227.38541666666666,11.777083333333332,2.19,66.82583333333332,356.0,Very Poor
54.86375,34.869166666666665,115.39416666666666,138.78,13.239583333333334,1.46,50.35166666666666,285.0,Poor
38.55625,34.877916666666664,116.4225,144.82458333333332,11.958333333333334,1.56,60.38583333333333,288.0,Poor
37.95875,34.3825,130.86666666666667,162.54,12.190833333333332,1.73,63.725,308.0,Very Poor
54.33583333333333,32.524166666666666,139.24583333333334,164.59625,9.469583333333334,1.33,42.47708333333333,315.0,Very Poor
18.417916666666667,183.39374999999998,693.8933333333333,834.5545833333334,85.15791666666667,8.58,332.02083333333337,906.0,Severe
56.60166666666667,82.86041666666667,577.7445833333334,650.0029166666667,22.20625,4.61,138.16833333333332,675.0,Severe
58.57583333333333,56.51499999999999,304.31083333333333,374.97791666666666,19.305416666666666,3.09,111.82708333333335,442.0,Severe
52.748333333333335,45.875416666666666,160.23708333333335,172.63041666666666,6.266249999999999,1.35,45.724999999999994,331.0,Very Poor
19.52208333333333,50.55416666666667,164.03,211.94875000000002,13.719999999999999,2.44,86.87625,334.0,Very Poor
18.3475,79.61166666666666,440.62833333333333,526.2687500000001,25.202916666666667,5.51,182.35625,547.0,Severe
50.74208333333333,61.82958333333334,426.69458333333336,501.2708333333333,23.41333333333333,4.83,157.23375,536.0,Severe
30.10875,63.73708333333334,454.53624999999994,557.78875,32.885,6.14,197.32625,560.0,Severe
11.210416666666667,131.16916666666665,580.7475000000001,691.1424999999999,23.859583333333333,6.43,228.37833333333333,726.0,Severe
26.797083333333333,77.80375,428.5325,504.0054166666667,16.685416666666665,4.32,128.72458333333333,537.0,Severe
71.07791666666667,52.46125,328.45,371.92375,23.24,3.4,99.92458333333335,460.0,Severe
81.25541666666666,38.09708333333334,144.4675,170.82125,16.754166666666666,1.4,42.521249999999995,319.0,Very Poor
49.17083333333333,44.55458333333333,267.63916666666665,328.80916666666667,21.9525,3.19,95.98249999999999,414.0,Severe
31.7325,118.85208333333333,523.1508333333334,642.5883333333333,77.2725,6.27,221.47875,666.0,Severe
29.048333333333332,102.73833333333333,754.9491666666667,906.5687499999999,58.828333333333326,8.8,275.39458333333334,996.0,Severe
42.92625,80.42666666666666,775.2191666666666,908.3008333333333,34.92583333333334,7.92,240.50375000000003,998.0,Severe
40.68125,60.458333333333336,363.3845833333333,447.49458333333337,26.11916666666667,4.26,140.77416666666664,487.0,Severe
34.86208333333334,75.91625,383.26666666666665,474.26624999999996,40.76708333333333,4.77,150.255,503.0,Severe
35.55875,75.86708333333333,323.61333333333334,401.0020833333333,30.968333333333334,4.12,142.95125000000002,457.0,Severe
68.87166666666667,34.71958333333333,145.76708333333332,176.69833333333335,16.724999999999998,1.66,49.25291666666667,320.0,Very Poor
67.95,25.51,118.38,131.11,7.09,0.93,20.39,295.0,Poor
34.13,83.68478260869566,391.7826086956522,472.3330434782609,48.41652173913043,5.45,195.09695652173912,509.0,Severe
114.30833333333334,44.86291666666667,144.33375,164.28916666666666,16.139583333333334,1.18,36.61291666666666,319.0,Very Poor
58.41041666666667,70.29333333333334,402.43208333333337,479.33166666666665,30.89,4.14,125.5875,517.0,Severe
29.71375,88.95,414.2575,501.89625,25.3425,4.17,142.2775,526.0,Severe
71.88791666666667,85.82125,256.03625,312.53416666666664,22.00125,3.05,111.08958333333334,405.0,Severe
79.52708333333334,43.928333333333335,39.3275,50.630833333333335,10.934166666666668,0.76,32.59291666666667,80.0,Satisfactory
69.36541666666666,42.44916666666666,74.22375,97.62583333333333,17.925416666666667,1.18,42.517916666666665,147.0,Moderate
61.29958333333334,45.72666666666667,120.90625,150.19416666666666,20.204583333333332,1.63,55.544583333333335,301.0,Very Poor
59.550000000000004,57.388749999999995,258.9841666666667,320.3208333333333,27.24791666666667,3.36,104.02041666666666,407.0,Severe
49.010416666666664,91.08625,419.7695833333333,517.8254166666667,45.67625,6.1,193.87916666666666,531.0,Severe
48.21291666666667,100.185,386.47,481.5783333333334,25.59625,4.75,165.58125,505.0,Severe
82.32791666666667,35.0375,91.86375,110.08333333333333,12.937083333333334,1.12,35.36541666666666,206.0,Poor
93.98166666666667,29.334999999999997,80.72416666666668,96.34208333333333,14.332083333333332,1.02,28.692916666666665,169.0,Moderate
77.05875,64.87916666666666,319.4583333333333,382.1354166666667,36.94833333333333,3.94,133.61916666666667,453.0,Severe
52.98333333333333,102.22291666666666,593.1679166666667,718.3866666666667,44.80833333333334,6.53,209.59541666666667,760.0,Severe
60.07916666666667,53.36625,233.21333333333334,290.2241666666667,27.506249999999998,2.77,83.95124999999999,387.0,Very Poor
56.25666666666667,44.53458333333333,120.18374999999999,158.8375,26.461249999999996,1.82,61.72625,300.0,Poor
81.34625,38.06666666666667,106.38708333333334,134.6175,21.886666666666667,1.33,41.971250000000005,255.0,Poor
71.92916666666666,38.40625,102.605,137.51666666666668,20.775000000000002,1.44,47.43208333333334,242.0,Poor
68.37916666666666,34.183749999999996,103.28000000000002,141.6525,20.552083333333332,1.5,46.79125,244.0,Poor
60.870000000000005,39.25958333333333,167.08666666666667,228.33666666666667,24.124583333333334,2.35,68.87458333333333,336.0,Very Poor
71.67416666666666,67.125,297.41541666666666,402.86375,35.05833333333333,4.05,119.6625,436.0,Severe
89.44625,43.91833333333333,167.155,236.67499999999998,21.74416666666667,1.86,58.115833333333335,336.0,Very Poor
102.75833333333333,38.91125,155.565,208.19791666666666,20.24083333333333,1.3,35.924166666666665,327.0,Very Poor
146.06708333333333,101.07958333333333,355.5525,439.84375,27.986666666666665,2.98,90.32208333333334,481.0,Severe
78.18541666666667,59.197916666666664,283.06041666666664,351.51,32.319583333333334,3.25,105.26208333333332,425.0,Severe
96.51375,52.92916666666667,244.515,294.0725,24.984166666666667,2.55,74.23249999999999,396.0,Very Poor
90.68291666666666,60.66708333333333,291.35041666666666,368.4254166666667,32.82666666666667,3.12,80.77041666666666,432.0,Severe
107.38625,63.90625,213.78166666666667,277.95125,27.227500000000003,2.18,65.45333333333333,372.0,Very Poor
120.46125,39.407916666666665,124.96125,158.68333333333334,21.86,1.11,30.632916666666667,304.0,Very Poor
65.5125,85.55250000000001,289.5466666666667,374.2558333333333,45.90833333333333,4.12,133.01916666666668,430.0,Severe
59.855,46.471666666666664,120.96166666666666,193.5225,26.932083333333335,1.79,62.44166666666666,301.0,Very Poor
89.21916666666668,45.24916666666667,144.1525,198.44833333333335,27.381666666666664,1.9,60.17625,319.0,Very Poor
112.16000000000001,28.410416666666666,94.36666666666667,124.34916666666668,20.8,0.95,25.771666666666665,215.0,Poor
69.94250000000001,55.153333333333336,137.65875,202.31833333333336,32.43083333333333,2.0,63.18416666666666,314.0,Very Poor
82.89458333333333,97.6425,236.86916666666664,337.2020833333333,50.73875,3.56,120.92041666666665,390.0,Very Poor
65.66375000000001,84.88708333333334,229.92,342.17833333333334,43.65708333333333,3.62,113.33,385.0,Very Poor
84.04833333333333,143.48833333333334,428.49166666666673,572.8220833333334,64.29666666666667,6.28,189.68,579.0,Severe
147.175,98.88416666666666,380.5295833333333,489.8495833333333,38.42,3.72,103.65958333333334,500.0,Severe
106.89999999999999,49.185,93.65875,131.66333333333333,24.863333333333333,1.4,47.72,212.0,Poor
122.85416666666667,55.99875,141.44541666666666,182.8083333333333,27.51625,2.06,62.45208333333333,316.0,Very Poor
105.87625000000001,73.42291666666667,181.91958333333332,253.42208333333335,38.594166666666666,2.72,80.08166666666668,348.0,Very Poor
99.71249999999999,57.81583333333333,108.56958333333334,153.46583333333334,27.099999999999998,1.62,53.48833333333334,262.0,Poor
114.43416666666667,68.2175,165.67208333333335,220.65,31.949583333333333,2.36,74.88583333333332,335.0,Very Poor
110.70166666666667,59.51500000000001,137.39833333333334,183.2904166666667,30.489166666666666,2.05,67.77791666666666,313.0,Very Poor
97.555,57.31916666666667,122.04041666666667,166.255,28.010833333333334,1.92,62.41833333333334,302.0,Very Poor
100.72583333333334,64.22541666666667,123.42541666666666,180.63,27.432083333333335,2.14,76.63875,303.0,Very Poor
93.81416666666667,53.385416666666664,112.23458333333333,166.72916666666666,25.03833333333333,1.85,59.31666666666667,274.0,Poor
108.73958333333333,40.16291666666667,82.21333333333332,119.41875,22.768333333333334,1.22,36.97291666666667,174.0,Moderate
84.95833333333333,58.27375,109.13666666666667,163.41916666666665,28.896666666666665,1.91,65.99000000000001,264.0,Poor
56.84583333333333,69.15083333333332,126.10916666666667,184.22875,33.02333333333333,2.56,95.83041666666668,305.0,Very Poor
65.67333333333333,110.88041666666668,239.85833333333335,356.1645833333334,41.23416666666667,4.19,133.15166666666667,392.0,Very Poor
80.45541666666666,82.34416666666667,209.84291666666664,294.55791666666664,36.76833333333334,3.25,101.17624999999998,369.0,Very Poor
116.72541666666666,58.751666666666665,122.41625,167.86541666666668,24.07875,1.52,50.00958333333334,302.0,Very Poor
118.75833333333334,74.76416666666667,121.78916666666667,162.90625,24.633750000000003,1.77,65.28458333333333,301.0,Very Poor
93.78750000000001,85.115,166.72541666666666,229.7675,31.854166666666668,2.82,89.175,336.0,Very Poor
138.08666666666667,111.69875,190.26416666666668,240.27874999999997,31.153750000000002,2.66,88.36291666666666,354.0,Very Poor
87.87541666666665,47.593333333333334,90.93208333333332,162.09083333333334,21.287916666666668,1.27,44.38625,203.0,Poor
75.73583333333333,50.470416666666665,99.44916666666667,165.20374999999999,24.440416666666668,1.44,47.86749999999999,231.0,Poor
39.84375,67.76083333333334,147.275,267.78000000000003,30.770416666666666,2.28,79.04958333333333,321.0,Very Poor
112.74833333333333,58.821666666666665,104.14833333333333,172.985,20.98875,1.35,47.57833333333333,247.0,Poor
118.28625,45.18958333333333,76.36958333333332,121.97000000000001,19.725,1.14,37.51916666666667,155.0,Moderate
121.90625,34.04958333333334,59.375,94.57625,19.685,0.91,27.017500000000002,132.0,Moderate
100.14583333333333,55.74458333333333,96.49000000000001,149.89916666666667,24.575416666666666,1.55,50.86208333333334,222.0,Poor
112.2075,69.93625,128.45291666666665,199.37125,33.264583333333334,1.99,64.04166666666666,307.0,Very Poor
119.84916666666668,58.76,107.79333333333334,154.43583333333333,28.63333333333333,1.87,60.72416666666667,259.0,Poor
102.08375000000001,67.41250000000001,123.32041666666667,187.94375,29.98166666666667,2.25,73.26083333333334,303.0,Very Poor
114.15375,40.48625,69.0425,111.67958333333333,20.46875,1.13,38.55666666666667,130.0,Moderate
94.35833333333333,46.29333333333333,76.75583333333334,122.65208333333334,20.93875,1.42,46.9325,156.0,Moderate
158.89916666666667,48.63708333333333,107.98125,128.4475,20.045416666666664,1.0,28.277500000000003,260.0,Poor
140.63750000000002,56.52458333333333,76.0275,93.18291666666666,16.656666666666666,0.83,29.285416666666666,160.0,Moderate
184.92333333333332,77.92333333333333,127.56791666666668,167.20833333333334,22.340833333333332,1.24,40.849583333333335,306.0,Very Poor
142.37,80.76416666666667,159.15208333333334,208.24291666666667,26.672916666666666,1.9,65.18333333333334,330.0,Very Poor
114.74833333333333,93.30166666666666,198.30375,284.7416666666667,28.36375,2.53,82.72,360.0,Very Poor
114.08833333333332,76.51208333333334,145.23041666666668,215.17624999999998,27.759583333333335,2.17,68.75625,319.0,Very Poor
97.69416666666666,70.68041666666666,156.45291666666665,225.80916666666667,31.23375,2.46,72.17041666666667,328.0,Very Poor
156.92458333333335,41.78333333333333,84.3275,112.71958333333333,19.743750000000002,0.97,26.083749999999995,184.0,Moderate
154.49666666666667,61.69083333333333,75.1475,94.20208333333333,17.84875,0.94,31.331666666666663,180.0,Moderate
121.95125,55.49208333333333,111.5175,141.81541666666666,22.02875,1.42,41.752916666666664,272.0,Poor
168.40625,53.28583333333333,115.53249999999998,141.83625,20.609166666666667,1.2,32.95041666666667,285.0,Poor
163.73458333333335,52.92958333333333,126.99791666666665,160.00208333333333,22.34583333333333,1.18,30.859166666666663,305.0,Very Poor
142.89791666666667,62.66458333333333,157.23416666666665,211.41208333333336,27.68625,1.84,54.998333333333335,329.0,Very Poor
122.32708333333333,61.3825,123.12124999999999,176.97833333333332,25.171666666666667,1.78,59.429166666666674,302.0,Very Poor
67.15083333333334,65.31166666666667,132.58791666666667,222.38958333333335,32.02041666666667,2.67,91.33708333333333,310.0,Very Poor
95.1025,46.39208333333334,157.66708333333335,301.1691666666666,21.567916666666665,1.43,42.397083333333335,329.0,Very Poor
140.99208333333334,88.89041666666667,205.30625,293.4841666666667,24.905833333333334,1.71,55.654583333333335,366.0,Very Poor
126.64875,71.83291666666666,153.96458333333334,285.0708333333333,25.327916666666667,1.6,58.50416666666667,326.0,Very Poor
117.0025,65.37583333333333,156.88500000000002,297.4741666666667,27.859583333333333,1.76,55.10041666666667,328.0,Very Poor
126.02,58.22416666666667,147.45208333333332,264.63208333333336,24.325833333333332,1.51,49.36416666666666,321.0,Very Poor
76.3575,53.95708333333334,163.64166666666668,300.9316666666667,27.459166666666665,2.2,70.54541666666667,334.0,Very Poor
155.33,47.33708333333333,120.66875,194.91458333333333,17.361250000000002,1.02,31.205416666666665,301.0,Very Poor
102.60958333333333,47.26541666666666,73.12458333333333,85.52625,10.094583333333333,0.92,30.974166666666665,144.0,Moderate
107.38583333333332,53.743750000000006,102.96166666666666,145.41625,14.030833333333334,1.33,44.40708333333333,243.0,Poor
124.74208333333333,91.96958333333333,256.00625,335.22125,26.83,3.26,95.07875000000001,405.0,Severe
142.13583333333332,85.15458333333333,282.05375,354.12583333333333,34.40958333333334,3.61,103.00916666666667,425.0,Severe
98.23083333333334,38.77333333333333,104.57083333333333,193.21666666666667,19.669166666666666,1.25,41.99999999999999,249.0,Poor
64.82791666666667,33.70708333333334,101.09875,277.0858333333333,20.6775,1.28,47.169583333333335,237.0,Poor
115.20625,39.655833333333334,117.28208333333333,310.09375,20.98875,1.05,33.24458333333333,291.0,Poor
97.96541666666667,69.56833333333334,207.34875,441.8004166666667,44.06125,3.01,105.765,415.0,Severe
117.62958333333334,103.13583333333332,375.22375000000005,594.4758333333333,49.10666666666666,4.8,147.10916666666668,606.0,Severe
98.32291666666667,55.07458333333333,169.98375000000001,324.9783333333333,25.84958333333333,2.04,65.22666666666666,338.0,Very Poor
77.5175,74.29625,180.57375,347.68625,33.222500000000004,2.84,97.65166666666667,347.0,Very Poor
97.43416666666667,74.85375,169.53416666666666,306.0470833333333,32.16625,2.54,84.86291666666666,338.0,Very Poor
102.46916666666668,70.09458333333333,161.20125,270.3379166666667,28.205833333333334,2.53,80.54041666666667,332.0,Very Poor
80.51416666666667,39.42875,78.16250000000001,194.67,23.46625,1.56,62.6425,163.0,Moderate
81.16291666666667,63.9175,121.02666666666666,291.52958333333333,37.285833333333336,2.26,94.88333333333334,301.0,Very Poor
92.30624999999999,32.7875,83.17458333333333,264.84375,18.74125,0.89,33.78,215.0,Poor
93.62458333333332,25.416666666666668,51.05875,178.72625000000002,14.780416666666667,0.65,26.43,152.0,Moderate
73.66,40.30625,91.30541666666666,284.06958333333336,21.30125,1.33,57.26375,234.0,Poor
69.3,45.45708333333334,99.15583333333335,274.87083333333334,23.25916666666667,1.57,55.11541666666666,231.0,Poor
72.7775,24.025833333333335,62.94833333333333,218.1825,15.17375,0.7,23.952916666666667,179.0,Moderate
68.85208333333334,25.83375,51.26499999999999,160.19375,15.487499999999999,0.73,25.81125,140.0,Moderate
83.80416666666666,21.532083333333333,30.0475,85.55291666666666,11.510416666666666,0.49,18.069583333333334,86.0,Satisfactory
81.95666666666666,17.7475,21.01125,49.0925,10.03875,0.44,14.677916666666667,82.0,Satisfactory
86.03791666666666,17.021666666666665,19.14708333333333,39.367916666666666,9.244583333333333,0.44,14.815416666666666,86.0,Satisfactory
92.71499999999999,35.803333333333335,40.2025,68.81375,15.432916666666666,0.8,32.76875,93.0,Satisfactory
61.812083333333334,52.3125,77.38125000000001,111.47083333333335,18.867916666666666,1.49,62.62500000000001,158.0,Moderate
64.4525,35.55375,36.44,51.255,10.08375,0.84,34.39458333333333,64.0,Satisfactory
39.48458333333333,31.233333333333334,37.9075,54.8675,11.901666666666666,0.97,40.85666666666667,63.0,Satisfactory
79.04166666666667,44.534166666666664,78.68708333333333,108.3975,17.195416666666667,1.42,56.791666666666664,162.0,Moderate
110.29375,66.44,162.41458333333333,200.21249999999998,18.81125,2.17,76.275,333.0,Very Poor
127.77208333333334,82.83083333333333,145.99916666666667,183.81583333333333,17.533333333333335,1.65,61.90083333333334,320.0,Very Poor
106.22958333333332,35.375416666666666,67.24041666666666,103.15583333333332,18.12375,0.99,31.403750000000002,124.0,Moderate
95.15125,49.17291666666667,119.06375000000001,202.70291666666665,25.5275,1.92,59.40916666666667,297.0,Poor
149.58875,90.38875,224.04999999999998,304.3025,34.217083333333335,3.19,105.82875,380.0,Very Poor
133.63500000000002,48.99458333333333,38.88791666666666,46.852916666666665,13.082916666666668,0.85,26.04041666666667,149.0,Moderate
131.68208333333334,67.5725,55.29916666666667,65.515,12.93125,0.99,37.948750000000004,147.0,Moderate
27.812083333333334,81.85708333333334,163.30625,232.36,37.08416666666667,3.66,117.38708333333332,333.0,Very Poor
31.378333333333334,78.06208333333333,99.15083333333332,183.60416666666666,20.58458333333333,1.65,67.35791666666667,231.0,Poor
2.6016666666666666,104.32833333333333,55.276250000000005,67.39999999999999,8.178749999999999,1.23,73.985,108.0,Moderate
12.298333333333334,125.32791666666667,169.13791666666665,200.06125,11.448333333333332,2.52,135.22625000000002,338.0,Very Poor
90.30916666666667,37.05375,78.05291666666666,90.02999999999999,8.959166666666667,1.15,38.64208333333334,160.0,Moderate
31.11708333333333,54.12125,122.46625,152.78708333333333,15.474166666666667,2.26,81.29875,302.0,Very Poor
58.14416666666667,128.64708333333334,266.07375,334.9245833333333,30.625,3.85,145.72083333333333,412.0,Severe
97.31291666666668,69.41916666666667,96.46916666666668,111.38208333333334,10.919583333333334,1.28,50.36458333333333,222.0,Poor
69.365,64.37333333333333,67.5625,85.2375,11.368333333333334,1.28,51.437916666666666,125.0,Moderate
51.33041666666667,63.69708333333333,57.593333333333334,75.47958333333334,14.195833333333333,1.1,49.56583333333333,96.0,Satisfactory
94.43541666666665,58.94875,93.87666666666667,118.14291666666666,19.4425,1.37,52.782916666666665,213.0,Poor
50.53708333333333,52.86875,58.959583333333335,66.3325,7.499583333333334,0.88,37.69541666666667,98.0,Satisfactory
37.47708333333333,79.69166666666666,96.77,114.69291666666668,9.072916666666666,1.29,63.58958333333333,223.0,Poor
136.28583333333333,133.13833333333335,353.17249999999996,408.64916666666664,24.1875,3.68,124.535,479.0,Severe
60.58625,122.30833333333334,161.33124999999998,197.22541666666666,17.03625,2.17,106.78583333333334,332.0,Very Poor
87.06875000000001,75.57916666666667,103.5475,130.16458333333333,13.302916666666667,1.46,56.11833333333333,245.0,Poor
37.39958333333333,87.54,75.43958333333333,96.84249999999999,13.156666666666666,1.3,66.19291666666666,151.0,Moderate
66.49666666666667,58.07541666666666,66.60541666666667,86.12041666666666,13.917083333333332,1.2,49.797916666666666,122.0,Moderate
48.51499999999999,76.90958333333333,81.33666666666666,97.49374999999999,10.064583333333333,1.24,60.01708333333334,171.0,Moderate
44.91583333333333,60.71666666666667,96.11791666666666,122.7725,9.779583333333333,1.57,60.624583333333334,220.0,Poor
104.56958333333334,106.43416666666667,205.49625,253.34708333333333,20.224166666666665,2.73,100.83624999999999,366.0,Very Poor
80.39708333333333,108.69875,234.7458333333333,268.8066666666667,12.977916666666667,2.48,105.17458333333333,388.0,Very Poor
54.36,78.2,112.29,119.87,2.88,0.93,47.98,274.0,Poor
5.934347826086957,114.87652173913042,146.29478260869564,177.3078260869565,11.907391304347826,2.53,113.37565217391304,320.0,Very Poor
20.019583333333333,45.21083333333333,48.10583333333333,59.93958333333333,6.017083333333333,1.09,43.79666666666667,80.0,Satisfactory
57.75458333333333,43.3325,35.314166666666665,40.65916666666667,5.513749999999999,0.69,30.249583333333337,59.0,Satisfactory
92.15541666666667,49.431666666666665,57.581250000000004,64.86041666666667,6.230833333333333,0.82,32.91791666666666,96.0,Satisfactory
75.615,48.77625,60.41458333333333,68.64708333333333,7.14875,0.96,36.00875,101.0,Moderate
30.8,49.15375,53.17666666666667,61.715,7.246666666666667,0.96,42.69916666666666,89.0,Satisfactory
0.09958333333333334,66.35958333333333,67.42958333333333,88.06374999999998,12.529166666666667,1.55,74.95541666666668,125.0,Moderate
7.78,54.35874999999999,99.04458333333334,131.17958333333334,14.639583333333333,2.16,86.4025,230.0,Poor
8.214166666666667,58.42333333333334,174.15791666666667,228.22333333333333,27.300833333333333,3.44,123.14666666666666,342.0,Very Poor
24.309166666666666,32.58375,55.72375,77.59541666666667,10.632083333333332,1.31,47.899166666666666,93.0,Satisfactory
11.98375,46.39208333333334,90.24874999999999,126.63791666666667,14.71375,2.01,76.00791666666666,201.0,Poor
53.3325,43.23291666666666,99.92125,138.55208333333334,15.8375,2.01,70.62583333333333,233.0,Poor
4.08875,77.72375000000001,131.88791666666665,166.88708333333332,17.034166666666668,2.39,104.06458333333333,309.0,Very Poor
0.6224999999999999,110.82541666666667,103.58958333333334,121.65583333333332,8.907083333333334,1.57,87.88458333333334,245.0,Poor
27.360833333333332,81.74666666666667,174.66458333333333,212.96041666666667,13.038333333333334,2.77,97.67791666666668,342.0,Very Poor
57.19,75.24125,179.77333333333334,206.62625,11.474166666666667,2.49,83.49583333333334,346.0,Very Poor
14.767083333333334,65.26666666666667,94.255,112.92291666666667,7.998333333333334,1.77,62.56541666666667,214.0,Poor
53.43333333333334,106.15583333333335,211.255,269.37083333333334,17.718333333333334,3.54,126.2775,370.0,Very Poor
33.57083333333333,64.67083333333333,105.38375,140.08791666666667,12.428333333333333,1.78,63.379583333333336,251.0,Poor
54.96625,61.45291666666666,68.81458333333333,89.02291666666667,14.984166666666667,1.19,52.125416666666666,129.0,Moderate
49.725833333333334,56.06791666666667,60.03333333333333,76.40208333333334,9.280416666666666,0.99,41.93333333333333,100.0,Satisfactory
71.00500000000001,50.463750000000005,55.356249999999996,67.80333333333333,10.690833333333332,0.83,36.36625000000001,92.0,Satisfactory
70.19666666666667,33.666666666666664,76.28875000000001,92.33291666666666,8.6425,1.06,36.71625,154.0,Moderate
19.5525,75.50875,107.52916666666665,129.99625,10.85875,1.54,74.07124999999999,258.0,Poor
41.94583333333333,69.89583333333333,89.14999999999999,113.64125,11.653333333333334,1.32,54.81583333333334,197.0,Moderate
50.37375,39.856249999999996,36.748333333333335,42.598333333333336,6.3445833333333335,0.55,27.516666666666666,61.0,Satisfactory
44.53666666666666,29.961250000000003,41.48208333333333,54.822916666666664,9.788333333333332,0.82,32.227916666666665,69.0,Satisfactory
44.15291666666667,29.245416666666667,45.106249999999996,61.99375,12.808333333333332,0.98,40.0775,75.0,Satisfactory
44.00833333333333,31.520833333333332,41.464999999999996,60.63125,14.4975,1.04,38.5025,69.0,Satisfactory
8.205,79.97958333333334,181.29416666666665,231.7875,19.23541666666667,3.02,111.35749999999999,347.0,Very Poor
57.321666666666665,46.43208333333333,79.10875,102.35125,13.622083333333334,1.22,44.85083333333333,164.0,Moderate
19.043333333333333,96.40041666666667,68.06333333333333,85.58416666666666,11.734583333333333,1.22,68.06583333333333,127.0,Moderate
69.96124999999999,34.81875,41.09875,47.99208333333333,7.921666666666667,0.56,23.566666666666666,70.0,Satisfactory
44.63041666666667,44.83291666666667,59.00541666666666,73.53166666666667,10.476666666666667,0.91,42.080416666666665,98.0,Satisfactory
55.33416666666667,46.49166666666667,94.48291666666667,126.60333333333334,20.89708333333333,1.76,67.56916666666666,215.0,Poor
67.32958333333333,33.376666666666665,35.11208333333333,47.93625,12.969999999999999,0.69,28.052500000000002,67.0,Satisfactory
67.75541666666668,20.100833333333334,22.729583333333334,38.47208333333334,10.274583333333334,0.49,17.274166666666666,68.0,Satisfactory
47.00583333333333,24.218333333333334,36.8275,74.53916666666667,13.91375,0.8,28.85583333333333,75.0,Satisfactory
67.60375,54.39875,99.53333333333335,140.32708333333332,19.51125,1.43,55.12583333333333,232.0,Poor
91.6475,70.61166666666666,218.05583333333334,290.66791666666666,28.028750000000002,2.94,94.01666666666667,375.0,Very Poor
59.62166666666667,44.04791666666667,108.81083333333333,148.98125,21.290416666666665,1.65,57.51083333333333,263.0,Poor
31.24083333333333,63.071666666666665,181.8708333333333,268.08958333333334,34.62,3.47,108.73875000000001,348.0,Very Poor
28.075416666666666,64.75,161.1,237.21833333333333,32.145,2.98,103.73750000000001,332.0,Very Poor
56.81791666666667,24.354166666666668,42.08541666666667,78.15958333333333,16.28708333333333,0.86,31.015,78.0,Satisfactory
65.74375,18.199583333333333,18.082916666666666,35.135416666666664,11.923333333333332,0.48,18.318749999999998,66.0,Satisfactory
62.79125,36.47708333333333,45.695,77.96416666666667,19.120833333333334,0.97,41.045,78.0,Satisfactory
58.040416666666665,59.742916666666666,97.41708333333334,157.93625,27.74875,1.64,60.89875,225.0,Poor
64.83958333333334,71.76416666666667,179.29541666666668,265.20666666666665,35.2325,2.88,92.32,346.0,Very Poor
102.88291666666667,98.76583333333333,255.23333333333335,331.7391666666667,36.905833333333334,3.45,109.95458333333333,404.0,Severe
123.91083333333334,91.11583333333334,120.40499999999999,135.92333333333332,12.44375,1.26,51.625416666666666,300.0,Poor
76.04541666666667,83.36708333333333,109.32125,129.47208333333333,14.469583333333333,1.43,63.04749999999999,264.0,Poor
68.44833333333334,66.28083333333333,60.56333333333333,77.405,14.104166666666666,1.08,48.24375,102.0,Moderate
39.28333333333334,66.39958333333333,57.01125,77.91208333333334,17.297083333333333,1.2,56.40458333333333,95.0,Satisfactory
34.42458333333334,59.00875,26.432083333333335,36.39,10.273333333333333,0.66,38.46666666666667,74.0,Satisfactory
24.25125,57.79541666666666,23.185000000000002,29.64375,5.87625,0.62,37.00125,72.0,Satisfactory
11.240833333333333,63.99541666666667,40.044999999999995,49.97625,6.294583333333333,0.91,46.806666666666665,80.0,Satisfactory
23.560833333333335,58.193333333333335,125.51208333333334,164.20250000000001,13.998333333333333,2.36,89.8125,304.0,Very Poor
50.374583333333334,33.09875,105.00166666666667,168.26958333333334,13.883333333333333,1.35,44.24375,250.0,Poor
65.23541666666667,55.01541666666666,254.1975,327.65833333333336,17.81,2.7,79.50708333333334,403.0,Severe
103.42833333333334,76.59333333333333,286.9941666666667,363.3733333333333,19.545416666666664,2.63,77.3575,428.0,Severe
33.27625,106.28458333333333,157.01916666666668,193.62333333333333,12.948749999999999,2.29,97.84541666666667,328.0,Very Poor
11.045833333333334,134.27,395.2683333333334,478.82,27.099999999999998,5.55,195.68291666666664,512.0,Severe
4.627916666666667,67.61,117.24083333333333,135.245,7.855416666666667,1.69,61.23291666666667,291.0,Poor
2.5995833333333334,75.20125,70.90291666666667,86.17958333333333,8.15625,1.69,71.31916666666666,136.0,Moderate
4.0874999999999995,38.56375,37.157916666666665,43.93083333333333,4.834583333333334,1.01,39.05833333333334,62.0,Satisfactory
47.162499999999994,40.282916666666665,216.88125,279.5491666666667,15.996250000000002,3.38,87.72666666666666,375.0,Very Poor
47.30375,59.72416666666667,203.05499999999998,264.82958333333335,15.99375,2.68,82.86125,364.0,Very Poor
46.365,57.7075,246.41750000000002,344.41166666666663,20.9575,3.68,111.90833333333335,397.0,Very Poor
52.382083333333334,61.373333333333335,258.045,363.33,21.432083333333335,3.74,119.06625,406.0,Severe
53.882083333333334,59.84291666666667,306.43916666666667,400.39958333333334,23.580416666666665,4.15,124.44999999999999,443.0,Severe
63.11666666666667,58.45166666666666,323.2325,405.4791666666667,21.94125,4.18,123.75458333333333,456.0,Severe
53.20041666666666,48.6675,290.11041666666665,372.71125,19.660833333333333,4.07,120.13791666666667,431.0,Severe
62.25791666666667,46.312916666666666,208.95875,279.84499999999997,21.278333333333332,2.69,84.35374999999999,368.0,Very Poor
56.062083333333334,38.315,82.98541666666667,124.79666666666667,20.690416666666668,1.25,44.77,177.0,Moderate
72.83583333333333,56.43541666666667,198.9141666666667,252.29833333333332,21.369583333333335,2.15,72.05541666666667,361.0,Very Poor
34.84916666666667,97.01708333333333,140.535,169.6075,14.67125,1.81,85.83125,316.0,Very Poor
19.137083333333333,81.61874999999999,52.07041666666667,70.87458333333333,13.136249999999999,1.12,62.444166666666675,101.0,Moderate
0.7374999999999999,95.645,52.034166666666664,66.02125,8.579166666666667,1.15,69.15833333333333,105.0,Moderate
4.4054166666666665,50.88291666666667,40.71333333333333,49.362500000000004,5.255,0.95,43.76875,68.0,Satisfactory
2.006666666666667,53.59375,47.16625,56.97625,6.745833333333334,1.11,50.15833333333333,79.0,Satisfactory
16.76875,90.73833333333333,114.61166666666666,142.49125,12.982916666666666,1.92,86.96041666666666,282.0,Poor
9.839166666666667,127.17625,422.7695833333333,505.66625,40.05125,5.67,190.32375000000002,533.0,Severe
51.49916666666667,61.69083333333333,245.10666666666668,290.03791666666666,15.532083333333333,2.97,89.47083333333333,396.0,Very Poor
55.39000000000001,46.27333333333333,180.56583333333333,228.0204166666667,21.50125,2.44,75.78916666666666,347.0,Very Poor
56.83958333333334,47.49541666666667,193.46083333333334,248.04666666666665,23.602083333333336,2.29,71.93333333333334,357.0,Very Poor
46.54583333333333,49.86833333333333,263.47541666666666,343.5758333333333,25.705416666666668,3.51,106.9625,410.0,Severe
60.99458333333334,65.06750000000001,309.9870833333333,395.07375,34.09708333333333,4.23,140.66083333333333,446.0,Severe
39.06125,58.60125,254.23749999999998,333.77500000000003,36.610416666666666,4.06,147.31541666666666,403.0,Severe
39.68,98.86416666666666,322.9579166666667,409.35291666666666,63.04416666666666,5.61,213.70083333333332,456.0,Severe
56.759166666666665,88.5825,391.9675,488.38958333333335,40.81583333333334,5.05,181.87541666666667,509.0,Severe
43.651250000000005,102.55041666666666,396.23375000000004,489.7066666666667,41.76625,4.72,178.12250000000003,512.0,Severe
43.59125,98.26875000000001,421.45666666666665,528.54625,58.44916666666666,6.06,226.15166666666664,532.0,Severe
46.01458333333333,43.68,232.70583333333332,301.87,26.060833333333335,2.86,89.63458333333334,387.0,Very Poor
47.8825,54.965,256.37416666666667,332.87083333333334,32.96375,3.75,120.32999999999998,405.0,Severe
61.56125,52.43083333333333,165.59166666666667,212.1975,29.27541666666667,2.46,81.48583333333333,335.0,Very Poor
55.609166666666674,52.70041666666666,217.18375,283.8858333333333,32.1875,2.98,92.25791666666666,375.0,Very Poor
45.42791666666667,115.29458333333334,429.90333333333336,564.7541666666667,68.89625,6.58,243.18708333333333,568.0,Severe
46.15708333333333,140.64708333333334,475.01,618.2220833333333,88.8625,7.29,286.0425,635.0,Severe
62.540416666666665,196.87416666666664,801.1437500000001,972.1741666666667,99.00083333333333,9.62,359.2216666666667,1078.0,Severe
63.970000000000006,102.29166666666667,568.645,696.895,52.373333333333335,7.26,237.86291666666665,734.0,Severe
51.80833333333333,67.30291666666666,370.315,474.7925,40.975,5.33,169.45166666666665,493.0,Severe
50.37,151.59416666666667,542.03625,682.80875,92.88958333333333,7.67,280.6925,716.0,Severe
34.72208333333334,54.07125,248.25333333333333,333.0625,30.4725,3.75,132.7175,399.0,Very Poor
39.81791666666667,60.49875,316.1066666666666,424.0095833333333,33.760416666666664,3.87,128.22125,451.0,Severe
45.61083333333334,68.16041666666666,362.9975,474.00624999999997,33.67625,4.89,152.78666666666666,487.0,Severe
126.62416666666667,104.18708333333332,557.125,661.9166666666666,15.384166666666665,5.64,165.76999999999998,690.0,Severe
71.86208333333333,41.75416666666667,322.29625,386.4895833333333,15.249583333333334,2.48,72.22208333333333,456.0,Severe
48.6875,52.58083333333334,414.98291666666665,510.7479166666667,24.902083333333334,4.12,125.07375,527.0,Severe
24.48125,138.54125000000002,519.5991666666666,639.29,65.26166666666667,6.05,243.06041666666667,662.0,Severe
12.805,118.49374999999999,757.2608333333334,880.7341666666666,33.92333333333333,7.65,234.19083333333333,963.0,Severe
29.32041666666667,255.96166666666667,869.5408333333334,1003.515,100.21208333333334,10.48,418.5879166666667,1117.0,Severe
31.74208333333333,75.38083333333334,407.58125,482.1779166666667,23.49625,4.7,157.85666666666665,521.0,Severe
65.75875,40.114583333333336,129.72125,160.74666666666667,23.822916666666668,1.89,58.817083333333336,307.0,Very Poor
94.60791666666667,32.634166666666665,149.1975,177.90625,22.430000000000003,1.98,44.12666666666666,322.0,Very Poor
46.029583333333335,59.52458333333333,306.27375,391.79749999999996,43.01166666666666,4.7,154.68875,443.0,Severe
36.615,92.48708333333333,317.5783333333333,418.17333333333335,56.585,4.78,177.68458333333334,452.0,Severe
24.530833333333334,123.77916666666665,541.6899999999999,675.3495833333333,61.30375,7.8,294.64416666666665,707.0,Severe
52.635,48.36000000000001,131.93041666666667,168.31041666666667,24.39333333333333,1.88,65.06083333333333,309.0,Very Poor
66.19083333333333,41.086666666666666,118.59875,147.4908333333333,23.860416666666666,1.75,56.000416666666666,295.0,Poor
30.155,67.22375000000001,281.61708333333337,361.53625000000005,44.19375,4.66,160.315,424.0,Severe
38.70375,58.81916666666667,303.0054166666667,374.36125,38.14791666666667,4.32,145.18833333333333,441.0,Severe
44.760416666666664,39.29916666666667,190.72458333333336,232.13291666666666,26.969583333333333,2.44,80.745,354.0,Very Poor
50.52125,47.55375,151.66875000000002,187.79999999999998,28.625833333333333,2.01,70.90333333333334,324.0,Very Poor
40.922916666666666,52.25208333333333,151.95125,193.93541666666667,31.110833333333332,2.34,86.1425,325.0,Very Poor
43.945,43.094166666666666,110.81541666666668,144.7675,28.492500000000003,1.8,68.41291666666666,269.0,Poor
32.20125,60.757083333333334,260.04791666666665,337.49625,42.40833333333334,3.98,143.4625,408.0,Severe
41.00875,82.48333333333333,414.76416666666665,505.80583333333334,41.79208333333333,5.04,178.48166666666668,527.0,Severe
58.89333333333334,40.89875,253.6158333333333,306.80375,25.178749999999997,2.18,67.56458333333333,403.0,Severe
39.7875,49.61041666666667,383.50333333333333,462.69083333333333,29.199166666666667,4.15,132.43333333333334,503.0,Severe
32.96208333333333,122.67625,587.8975,714.1591666666667,62.01083333333333,7.22,241.71500000000003,755.0,Severe
33.96458333333333,71.98166666666667,419.0058333333333,507.00541666666663,39.47,5.45,191.74833333333333,530.0,Severe
33.994166666666665,58.918749999999996,417.06166666666667,494.14750000000004,29.619583333333335,4.8,155.79666666666668,529.0,Severe
32.093333333333334,54.845,416.15625,500.2341666666667,26.179583333333337,4.88,166.00375,528.0,Severe
28.395833333333332,101.53708333333333,603.00125,716.7012500000001,60.89791666666667,8.1,316.6829166666667,758.0,Severe
25.305000000000003,73.78041666666667,383.6175,463.79625000000004,43.82958333333334,4.89,184.21333333333334,503.0,Severe
28.95375,38.39625,318.58625,374.42333333333335,20.107499999999998,3.41,113.32416666666667,453.0,Severe
33.312083333333334,64.43291666666667,451.18375,540.4866666666667,29.989583333333332,5.0,162.96041666666667,555.0,Severe
80.28041666666667,44.41625,237.30125,275.2291666666667,15.34125,1.73,49.00416666666666,390.0,Very Poor
66.51875,37.472500000000004,191.01416666666668,233.81375,15.690833333333332,1.46,44.390416666666674,355.0,Very Poor
30.562916666666666,47.752916666666664,321.33708333333334,408.38625,20.657083333333333,3.39,108.20583333333333,455.0,Severe
0.02,22.41,281.64,344.08,7.16,2.43,71.61,424.0,Severe
28.421739130434784,39.017391304347825,147.52478260869566,189.3891304347826,23.41130434782609,1.93,67.12913043478261,321.0,Very Poor
38.134166666666665,46.19291666666666,151.46458333333334,189.73166666666668,29.61791666666667,1.99,70.16,324.0,Very Poor
74.67041666666667,38.693333333333335,119.93958333333335,143.99458333333334,24.519583333333333,1.37,41.2275,300.0,Poor
38.108333333333334,43.3825,117.89333333333333,148.97708333333333,27.121666666666666,1.7,61.93208333333333,293.0,Poor
41.15625,38.742916666666666,94.06875000000001,124.27958333333333,23.89708333333333,1.51,60.48416666666667,214.0,Poor
19.663333333333334,59.46541666666667,292.13875,378.32916666666665,34.71625,4.36,167.83666666666664,432.0,Severe
24.185833333333335,63.27,309.37208333333336,386.0195833333333,34.92208333333333,4.2,157.87833333333333,446.0,Severe
29.457083333333333,55.14333333333334,397.8045833333333,473.7395833333333,23.33458333333333,4.3,137.76375000000002,514.0,Severe
35.41291666666667,64.54166666666667,522.705,605.3420833333333,26.10875,5.01,151.72291666666666,619.0,Severe
27.585416666666664,54.895,410.77624999999995,488.55791666666664,22.004166666666666,4.28,140.75708333333336,524.0,Severe
34.9675,73.34416666666667,480.3825,557.1374999999999,25.515,4.48,144.2625,577.0,Severe
34.026666666666664,63.99541666666667,498.38958333333335,576.0758333333333,24.503333333333334,4.43,132.05708333333334,591.0,Severe
28.708333333333332,80.52666666666666,498.4983333333333,564.7579166666667,22.065416666666668,4.28,131.03958333333333,591.0,Severe
57.87625,33.319583333333334,209.43416666666667,235.68375,13.013333333333334,1.8,48.75458333333333,369.0,Very Poor
46.49,19.31,218.25,235.31,3.93,1.32,25.37,376.0,Very Poor
31.261739130434783,55.27217391304348,430.08652173913043,498.9091304347826,23.08304347826087,4.24,135.39478260869566,539.0,Severe
74.10375,40.799166666666665,249.83041666666668,277.27166666666665,13.89125,1.91,51.00291666666667,400.0,Very Poor
64.71583333333334,34.88916666666667,177.47166666666666,201.7108333333333,12.577083333333334,1.44,44.055416666666666,344.0,Very Poor
25.96666666666667,64.63166666666666,381.59875000000005,448.52875,21.323333333333334,3.58,125.45291666666668,501.0,Severe
26.135833333333334,87.45041666666667,522.06375,627.9520833333333,37.310833333333335,5.49,193.9995833333333,647.0,Severe
41.10333333333333,28.242500000000003,159.27083333333334,186.07625,9.642083333333334,1.6,48.44916666666666,330.0,Very Poor
21.29083333333333,102.26041666666667,443.94,535.0404166666666,63.490833333333335,5.93,205.58499999999998,549.0,Severe
16.977083333333333,110.18958333333335,698.1041666666666,830.14875,49.09,7.61,250.72458333333333,900.0,Severe
39.477916666666665,59.57458333333333,381.8104166666667,434.33375,18.581666666666667,3.64,111.51875,501.0,Severe
34.64083333333333,52.07375,304.0216666666667,350.49083333333334,13.959583333333335,2.77,84.46916666666667,442.0,Severe
17.712083333333332,58.00458333333333,423.6045833333333,496.78791666666666,21.72458333333333,4.7,144.00166666666667,534.0,Severe
9.7475,68.69500000000001,418.07958333333335,494.4995833333333,25.464583333333334,5.18,183.73333333333332,529.0,Severe
39.790416666666665,36.13041666666667,265.90500000000003,294.6379166666667,10.715000000000002,2.34,71.62833333333333,412.0,Severe
33.12833333333334,37.96875,354.21791666666667,396.26666666666665,11.099583333333333,3.09,84.42875000000001,480.0,Severe
2.5704166666666666,99.41041666666666,557.80625,650.2166666666667,43.3125,6.25,203.53375,675.0,Severe
36.968333333333334,44.44541666666667,340.75291666666664,376.3883333333333,10.025833333333333,2.7,77.26458333333333,470.0,Severe
27.3325,65.74374999999999,450.96875,507.72125,16.80375,4.26,148.70041666666668,555.0,Severe
53.24,45.43833333333333,300.4270833333333,326.6666666666667,8.845416666666667,1.97,62.14124999999999,439.0,Severe
14.156666666666666,123.10333333333334,590.3683333333333,673.7783333333333,63.056250000000006,7.31,247.58458333333334,705.0,Severe
64.80333333333333,31.808333333333334,216.67791666666665,239.56375,10.581666666666667,1.54,38.19041666666667,374.0,Very Poor
52.13083333333333,31.977500000000003,127.66000000000001,152.89916666666667,16.03375,1.52,50.725,306.0,Very Poor
31.580416666666668,44.594166666666666,175.975,221.79458333333332,21.626666666666665,2.36,86.245,343.0,Very Poor
34.425000000000004,48.14124999999999,259.33250000000004,317.0941666666667,23.75583333333333,3.18,104.95958333333334,407.0,Severe
27.975416666666664,58.322916666666664,360.4066666666667,439.0725,29.918333333333333,4.38,150.16708333333332,485.0,Severe
27.8575,174.06583333333333,526.4858333333333,611.3379166666667,63.45166666666666,6.48,261.90666666666664,627.0,Severe
27.46083333333333,55.958333333333336,265.76166666666666,318.20708333333334,19.51875,2.77,89.93374999999999,412.0,Severe
25.228333333333335,57.86875,245.02958333333333,320.2320833333333,21.34166666666667,2.26,78.98750000000001,396.0,Very Poor
27.261666666666667,22.238333333333333,162.94333333333333,216.4070833333333,15.6875,1.4,39.709583333333335,333.0,Very Poor
26.542083333333334,66.19166666666666,409.5470833333333,522.3704166666666,36.84041666666666,4.8,159.16625,523.0,Severe
32.71888888888889,45.672222222222224,251.7766666666667,305.7288888888889,7.359999999999999,1.94,56.095555555555556,401.0,Severe
